film_id,title,studio,corpus_role,release_date,release_year,production_status,production_partners,release_type,franchise_status,source_material_status,inclusion_status,exclusion_reason,edge_case_note,primary_source,secondary_source,verification_note,retrieval_date,corpus_assignment,corporate_group_at_release,release_context,animation_form,candidate_basis
DWA_1998_ANTZ,Antz,DreamWorks Animation,core,1998-10-02,1998,co_production,Pacific Data Images,theatrical,first_entry,original_screen_ip,INCLUDE,,,https://www.dreamworks.com/movies,https://en.wikipedia.org/wiki/List_of_DreamWorks_Animation_productions,DreamWorks attribution checked against the official movie catalogue and cross-checked against the independent production filmography; non-standard release cases were verified separately.,2026-08-18,CORE_DWA,DreamWorks Animation,standard,animated,official_catalogue
DWA_1998_THE_PRINCE_OF_EGYPT,The Prince of Egypt,DreamWorks Animation,core,1998-12-18,1998,sole_production,,theatrical,first_entry,adaptation_existing_source,INCLUDE,,,https://www.dreamworks.com/movies,https://en.wikipedia.org/wiki/List_of_DreamWorks_Animation_productions,DreamWorks attribution checked against the official movie catalogue and cross-checked against the independent production filmography; non-standard release cases were verified separately.,2026-08-18,CORE_DWA,DreamWorks Animation,standard,animated,official_catalogue
DWA_2000_THE_ROAD_TO_EL_DORADO,The Road to El Dorado,DreamWorks Animation,core,2000-03-31,2000,sole_production,,theatrical,first_entry,original_screen_ip,INCLUDE,,,https://www.dreamworks.com/movies,https://en.wikipedia.org/wiki/List_of_DreamWorks_Animation_productions,DreamWorks attribution checked against the official movie catalogue and cross-checked against the independent production filmography; non-standard release cases were verified separately.,2026-08-18,CORE_DWA,DreamWorks Animation,standard,animated,official_catalogue
DWA_2000_CHICKEN_RUN,Chicken Run,DreamWorks Animation,core,2000-06-23,2000,co_production,Aardman Animations; Pathé,theatrical,first_entry,original_screen_ip,INCLUDE,,,https://www.dreamworks.com/movies,https://en.wikipedia.org/wiki/List_of_DreamWorks_Animation_productions,DreamWorks attribution checked against the official movie catalogue and cross-checked against the independent production filmography; non-standard release cases were verified separately.,2026-08-18,CORE_DWA,DreamWorks Animation,standard,animated,official_catalogue
DWA_2001_SHREK,Shrek,DreamWorks Animation,core,2001-05-18,2001,co_production,Pacific Data Images,theatrical,first_entry,adaptation_existing_source,INCLUDE,,,https://www.dreamworks.com/movies,https://en.wikipedia.org/wiki/List_of_DreamWorks_Animation_productions,DreamWorks attribution checked against the official movie catalogue and cross-checked against the independent production filmography; non-standard release cases were verified separately.,2026-08-18,CORE_DWA,DreamWorks Animation,standard,animated,official_catalogue
DWA_2002_SPIRIT_STALLION_OF_THE_CIMARRON,Spirit: Stallion of the Cimarron,DreamWorks Animation,core,2002-05-24,2002,sole_production,,theatrical,first_entry,original_screen_ip,INCLUDE,,,https://www.dreamworks.com/movies,https://en.wikipedia.org/wiki/List_of_DreamWorks_Animation_productions,DreamWorks attribution checked against the official movie catalogue and cross-checked against the independent production filmography; non-standard release cases were verified separately.,2026-08-18,CORE_DWA,DreamWorks Animation,standard,animated,official_catalogue
DWA_2003_SINBAD_LEGEND_OF_THE_SEVEN_SEAS,Sinbad: Legend of the Seven Seas,DreamWorks Animation,core,2003-07-02,2003,sole_production,,theatrical,first_entry,adaptation_existing_source,INCLUDE,,,https://www.dreamworks.com/movies,https://en.wikipedia.org/wiki/List_of_DreamWorks_Animation_productions,DreamWorks attribution checked against the official movie catalogue and cross-checked against the independent production filmography; non-standard release cases were verified separately.,2026-08-18,CORE_DWA,DreamWorks Animation,standard,animated,official_catalogue
DWA_2004_SHREK_2,Shrek 2,DreamWorks Animation,core,2004-05-19,2004,co_production,Pacific Data Images,theatrical,sequel,existing_screen_ip,INCLUDE,,,https://www.dreamworks.com/movies,https://en.wikipedia.org/wiki/List_of_DreamWorks_Animation_productions,DreamWorks attribution checked against the official movie catalogue and cross-checked against the independent production filmography; non-standard release cases were verified separately.,2026-08-18,CORE_DWA,DreamWorks Animation,standard,animated,official_catalogue
DWA_2004_SHARK_TALE,Shark Tale,DreamWorks Animation,core,2004-10-01,2004,co_production,Pacific Data Images,theatrical,first_entry,original_screen_ip,INCLUDE,,,https://www.dreamworks.com/movies,https://en.wikipedia.org/wiki/List_of_DreamWorks_Animation_productions,DreamWorks attribution checked against the official movie catalogue and cross-checked against the independent production filmography; non-standard release cases were verified separately.,2026-08-18,CORE_DWA,DreamWorks Animation,standard,animated,official_catalogue
DWA_2005_MADAGASCAR,Madagascar,DreamWorks Animation,core,2005-05-27,2005,co_production,Pacific Data Images,theatrical,first_entry,original_screen_ip,INCLUDE,,,https://www.dreamworks.com/movies,https://en.wikipedia.org/wiki/List_of_DreamWorks_Animation_productions,DreamWorks attribution checked against the official movie catalogue and cross-checked against the independent production filmography; non-standard release cases were verified separately.,2026-08-18,CORE_DWA,DreamWorks Animation,standard,animated,official_catalogue
DWA_2005_WALLACE_GROMIT_THE_CURSE_OF_THE_WERE_RABBIT,Wallace & Gromit: The Curse of the Were-Rabbit,DreamWorks Animation,core,2005-10-07,2005,co_production,Aardman Animations,theatrical,first_entry,existing_screen_ip,INCLUDE,,,https://www.dreamworks.com/movies,https://en.wikipedia.org/wiki/List_of_DreamWorks_Animation_productions,DreamWorks attribution checked against the official movie catalogue and cross-checked against the independent production filmography; non-standard release cases were verified separately.,2026-08-18,CORE_DWA,DreamWorks Animation,standard,animated,official_catalogue
DWA_2006_OVER_THE_HEDGE,Over the Hedge,DreamWorks Animation,core,2006-05-19,2006,co_production,Pacific Data Images,theatrical,first_entry,adaptation_existing_source,INCLUDE,,,https://www.dreamworks.com/movies,https://en.wikipedia.org/wiki/List_of_DreamWorks_Animation_productions,DreamWorks attribution checked against the official movie catalogue and cross-checked against the independent production filmography; non-standard release cases were verified separately.,2026-08-18,CORE_DWA,DreamWorks Animation,standard,animated,official_catalogue
DWA_2006_FLUSHED_AWAY,Flushed Away,DreamWorks Animation,core,2006-11-03,2006,co_production,Aardman Animations,theatrical,first_entry,original_screen_ip,INCLUDE,,,https://www.dreamworks.com/movies,https://en.wikipedia.org/wiki/List_of_DreamWorks_Animation_productions,DreamWorks attribution checked against the official movie catalogue and cross-checked against the independent production filmography; non-standard release cases were verified separately.,2026-08-18,CORE_DWA,DreamWorks Animation,standard,animated,official_catalogue
DWA_2007_SHREK_THE_THIRD,Shrek the Third,DreamWorks Animation,core,2007-05-18,2007,co_production,Pacific Data Images,theatrical,sequel,existing_screen_ip,INCLUDE,,,https://www.dreamworks.com/movies,https://en.wikipedia.org/wiki/List_of_DreamWorks_Animation_productions,DreamWorks attribution checked against the official movie catalogue and cross-checked against the independent production filmography; non-standard release cases were verified separately.,2026-08-18,CORE_DWA,DreamWorks Animation,standard,animated,official_catalogue
DWA_2007_BEE_MOVIE,Bee Movie,DreamWorks Animation,core,2007-11-02,2007,co_production,Columbus 81 Productions,theatrical,first_entry,original_screen_ip,INCLUDE,,,https://www.dreamworks.com/movies,https://en.wikipedia.org/wiki/List_of_DreamWorks_Animation_productions,DreamWorks attribution checked against the official movie catalogue and cross-checked against the independent production filmography; non-standard release cases were verified separately.,2026-08-18,CORE_DWA,DreamWorks Animation,standard,animated,official_catalogue
DWA_2008_KUNG_FU_PANDA,Kung Fu Panda,DreamWorks Animation,core,2008-06-06,2008,co_production,Pacific Data Images,theatrical,first_entry,original_screen_ip,INCLUDE,,,https://www.dreamworks.com/movies,https://en.wikipedia.org/wiki/List_of_DreamWorks_Animation_productions,DreamWorks attribution checked against the official movie catalogue and cross-checked against the independent production filmography; non-standard release cases were verified separately.,2026-08-18,CORE_DWA,DreamWorks Animation,standard,animated,official_catalogue
DWA_2008_MADAGASCAR_ESCAPE_2_AFRICA,Madagascar: Escape 2 Africa,DreamWorks Animation,core,2008-11-07,2008,co_production,Pacific Data Images,theatrical,sequel,existing_screen_ip,INCLUDE,,,https://www.dreamworks.com/movies,https://en.wikipedia.org/wiki/List_of_DreamWorks_Animation_productions,DreamWorks attribution checked against the official movie catalogue and cross-checked against the independent production filmography; non-standard release cases were verified separately.,2026-08-18,CORE_DWA,DreamWorks Animation,standard,animated,official_catalogue
DWA_2009_MONSTERS_VS_ALIENS,Monsters vs. Aliens,DreamWorks Animation,core,2009-03-27,2009,co_production,Pacific Data Images,theatrical,first_entry,original_screen_ip,INCLUDE,,,https://www.dreamworks.com/movies,https://en.wikipedia.org/wiki/List_of_DreamWorks_Animation_productions,DreamWorks attribution checked against the official movie catalogue and cross-checked against the independent production filmography; non-standard release cases were verified separately.,2026-08-18,CORE_DWA,DreamWorks Animation,standard,animated,official_catalogue
DWA_2010_HOW_TO_TRAIN_YOUR_DRAGON,How to Train Your Dragon,DreamWorks Animation,core,2010-03-26,2010,co_production,Pacific Data Images,theatrical,first_entry,adaptation_existing_source,INCLUDE,,,https://www.dreamworks.com/movies,https://en.wikipedia.org/wiki/List_of_DreamWorks_Animation_productions,DreamWorks attribution checked against the official movie catalogue and cross-checked against the independent production filmography; non-standard release cases were verified separately.,2026-08-18,CORE_DWA,DreamWorks Animation,standard,animated,official_catalogue
DWA_2010_SHREK_FOREVER_AFTER,Shrek Forever After,DreamWorks Animation,core,2010-05-21,2010,co_production,Pacific Data Images,theatrical,sequel,existing_screen_ip,INCLUDE,,,https://www.dreamworks.com/movies,https://en.wikipedia.org/wiki/List_of_DreamWorks_Animation_productions,DreamWorks attribution checked against the official movie catalogue and cross-checked against the independent production filmography; non-standard release cases were verified separately.,2026-08-18,CORE_DWA,DreamWorks Animation,standard,animated,official_catalogue
DWA_2010_MEGAMIND,Megamind,DreamWorks Animation,core,2010-11-05,2010,co_production,Pacific Data Images,theatrical,first_entry,original_screen_ip,INCLUDE,,,https://www.dreamworks.com/movies,https://en.wikipedia.org/wiki/List_of_DreamWorks_Animation_productions,DreamWorks attribution checked against the official movie catalogue and cross-checked against the independent production filmography; non-standard release cases were verified separately.,2026-08-18,CORE_DWA,DreamWorks Animation,standard,animated,official_catalogue
DWA_2011_KUNG_FU_PANDA_2,Kung Fu Panda 2,DreamWorks Animation,core,2011-05-26,2011,co_production,Pacific Data Images,theatrical,sequel,existing_screen_ip,INCLUDE,,,https://www.dreamworks.com/movies,https://en.wikipedia.org/wiki/List_of_DreamWorks_Animation_productions,DreamWorks attribution checked against the official movie catalogue and cross-checked against the independent production filmography; non-standard release cases were verified separately.,2026-08-18,CORE_DWA,DreamWorks Animation,standard,animated,official_catalogue
DWA_2011_PUSS_IN_BOOTS,Puss in Boots,DreamWorks Animation,core,2011-10-28,2011,co_production,Pacific Data Images,theatrical,spin_off,existing_screen_ip,INCLUDE,,,https://www.dreamworks.com/movies,https://en.wikipedia.org/wiki/List_of_DreamWorks_Animation_productions,DreamWorks attribution checked against the official movie catalogue and cross-checked against the independent production filmography; non-standard release cases were verified separately.,2026-08-18,CORE_DWA,DreamWorks Animation,standard,animated,official_catalogue
DWA_2012_MADAGASCAR_3_EUROPE_S_MOST_WANTED,Madagascar 3: Europe's Most Wanted,DreamWorks Animation,core,2012-06-08,2012,co_production,Pacific Data Images,theatrical,sequel,existing_screen_ip,INCLUDE,,,https://www.dreamworks.com/movies,https://en.wikipedia.org/wiki/List_of_DreamWorks_Animation_productions,DreamWorks attribution checked against the official movie catalogue and cross-checked against the independent production filmography; non-standard release cases were verified separately.,2026-08-18,CORE_DWA,DreamWorks Animation,standard,animated,official_catalogue
DWA_2012_RISE_OF_THE_GUARDIANS,Rise of the Guardians,DreamWorks Animation,core,2012-11-21,2012,sole_production,,theatrical,first_entry,adaptation_existing_source,INCLUDE,,,https://www.dreamworks.com/movies,https://en.wikipedia.org/wiki/List_of_DreamWorks_Animation_productions,DreamWorks attribution checked against the official movie catalogue and cross-checked against the independent production filmography; non-standard release cases were verified separately.,2026-08-18,CORE_DWA,DreamWorks Animation,standard,animated,official_catalogue
DWA_2013_THE_CROODS,The Croods,DreamWorks Animation,core,2013-03-22,2013,sole_production,,theatrical,first_entry,original_screen_ip,INCLUDE,,,https://www.dreamworks.com/movies,https://en.wikipedia.org/wiki/List_of_DreamWorks_Animation_productions,DreamWorks attribution checked against the official movie catalogue and cross-checked against the independent production filmography; non-standard release cases were verified separately.,2026-08-18,CORE_DWA,DreamWorks Animation,standard,animated,official_catalogue
DWA_2013_TURBO,Turbo,DreamWorks Animation,core,2013-07-17,2013,sole_production,,theatrical,first_entry,original_screen_ip,INCLUDE,,,https://www.dreamworks.com/movies,https://en.wikipedia.org/wiki/List_of_DreamWorks_Animation_productions,DreamWorks attribution checked against the official movie catalogue and cross-checked against the independent production filmography; non-standard release cases were verified separately.,2026-08-18,CORE_DWA,DreamWorks Animation,standard,animated,official_catalogue
DWA_2014_MR_PEABODY_SHERMAN,Mr. Peabody & Sherman,DreamWorks Animation,core,2014-03-07,2014,sole_production,,theatrical,first_entry,existing_screen_ip,INCLUDE,,,https://www.dreamworks.com/movies,https://en.wikipedia.org/wiki/List_of_DreamWorks_Animation_productions,DreamWorks attribution checked against the official movie catalogue and cross-checked against the independent production filmography; non-standard release cases were verified separately.,2026-08-18,CORE_DWA,DreamWorks Animation,standard,animated,official_catalogue
DWA_2014_HOW_TO_TRAIN_YOUR_DRAGON_2,How to Train Your Dragon 2,DreamWorks Animation,core,2014-06-13,2014,sole_production,,theatrical,sequel,existing_screen_ip,INCLUDE,,,https://www.dreamworks.com/movies,https://en.wikipedia.org/wiki/List_of_DreamWorks_Animation_productions,DreamWorks attribution checked against the official movie catalogue and cross-checked against the independent production filmography; non-standard release cases were verified separately.,2026-08-18,CORE_DWA,DreamWorks Animation,standard,animated,official_catalogue
DWA_2014_PENGUINS_OF_MADAGASCAR,Penguins of Madagascar,DreamWorks Animation,core,2014-11-26,2014,sole_production,,theatrical,spin_off,existing_screen_ip,INCLUDE,,,https://www.dreamworks.com/movies,https://en.wikipedia.org/wiki/List_of_DreamWorks_Animation_productions,DreamWorks attribution checked against the official movie catalogue and cross-checked against the independent production filmography; non-standard release cases were verified separately.,2026-08-18,CORE_DWA,DreamWorks Animation,standard,animated,official_catalogue
DWA_2015_HOME,Home,DreamWorks Animation,core,2015-03-27,2015,sole_production,,theatrical,first_entry,adaptation_existing_source,INCLUDE,,,https://www.dreamworks.com/movies,https://en.wikipedia.org/wiki/List_of_DreamWorks_Animation_productions,DreamWorks attribution checked against the official movie catalogue and cross-checked against the independent production filmography; non-standard release cases were verified separately.,2026-08-18,CORE_DWA,DreamWorks Animation,standard,animated,official_catalogue
DWA_2016_KUNG_FU_PANDA_3,Kung Fu Panda 3,DreamWorks Animation,core,2016-01-29,2016,co_production,Oriental DreamWorks; China Film Group; Zhong Ming You Ying Film,theatrical,sequel,existing_screen_ip,INCLUDE,,,https://www.dreamworks.com/movies,https://en.wikipedia.org/wiki/List_of_DreamWorks_Animation_productions,DreamWorks attribution checked against the official movie catalogue and cross-checked against the independent production filmography; non-standard release cases were verified separately.,2026-08-18,CORE_DWA,DreamWorks Animation,standard,animated,official_catalogue
DWA_2016_TROLLS,Trolls,DreamWorks Animation,core,2016-11-04,2016,sole_production,,theatrical,first_entry,adaptation_existing_source,INCLUDE,,,https://www.dreamworks.com/movies,https://en.wikipedia.org/wiki/List_of_DreamWorks_Animation_productions,DreamWorks attribution checked against the official movie catalogue and cross-checked against the independent production filmography; non-standard release cases were verified separately.,2026-08-18,CORE_DWA,Comcast / NBCUniversal,standard,animated,official_catalogue
DWA_2017_THE_BOSS_BABY,The Boss Baby,DreamWorks Animation,core,2017-03-31,2017,sole_production,,theatrical,first_entry,adaptation_existing_source,INCLUDE,,,https://www.dreamworks.com/movies,https://en.wikipedia.org/wiki/List_of_DreamWorks_Animation_productions,DreamWorks attribution checked against the official movie catalogue and cross-checked against the independent production filmography; non-standard release cases were verified separately.,2026-08-18,CORE_DWA,Comcast / NBCUniversal,standard,animated,official_catalogue
DWA_2017_CAPTAIN_UNDERPANTS_THE_FIRST_EPIC_MOVIE,Captain Underpants: The First Epic Movie,DreamWorks Animation,core,2017-06-02,2017,co_production,Scholastic Entertainment,theatrical,first_entry,adaptation_existing_source,INCLUDE,,,https://www.dreamworks.com/movies,https://en.wikipedia.org/wiki/List_of_DreamWorks_Animation_productions,DreamWorks attribution checked against the official movie catalogue and cross-checked against the independent production filmography; non-standard release cases were verified separately.,2026-08-18,CORE_DWA,Comcast / NBCUniversal,standard,animated,official_catalogue
DWA_2019_HOW_TO_TRAIN_YOUR_DRAGON_THE_HIDDEN_WORLD,How to Train Your Dragon: The Hidden World,DreamWorks Animation,core,2019-02-22,2019,sole_production,,theatrical,sequel,existing_screen_ip,INCLUDE,,,https://www.dreamworks.com/movies,https://en.wikipedia.org/wiki/List_of_DreamWorks_Animation_productions,DreamWorks attribution checked against the official movie catalogue and cross-checked against the independent production filmography; non-standard release cases were verified separately.,2026-08-18,CORE_DWA,Comcast / NBCUniversal,standard,animated,official_catalogue
DWA_2019_ABOMINABLE,Abominable,DreamWorks Animation,core,2019-09-27,2019,co_production,Pearl Studio; Zhong Ming You Ying Film,theatrical,first_entry,original_screen_ip,INCLUDE,,,https://www.dreamworks.com/movies,https://en.wikipedia.org/wiki/List_of_DreamWorks_Animation_productions,DreamWorks attribution checked against the official movie catalogue and cross-checked against the independent production filmography; non-standard release cases were verified separately.,2026-08-18,CORE_DWA,Comcast / NBCUniversal,standard,animated,official_catalogue
DWA_2020_TROLLS_WORLD_TOUR,Trolls World Tour,DreamWorks Animation,core,2020-04-10,2020,sole_production,,day_and_date_theatrical_streaming,sequel,existing_screen_ip,INCLUDE,,COVID-disrupted release with simultaneous premium home availability and genuine theatrical exhibition; retained under the day-and-date rule.,https://www.nbcuniversal.com/article/comcast-nbcuniversal-moves-make-current-movies-available-home,https://www.dreamworks.com/movies,"NBCUniversal explicitly announced Trolls World Tour as a day-and-date theatrical/PVOD release, including local theatrical release where available.",2026-08-18,CORE_DWA,Comcast / NBCUniversal,covid_disrupted,animated,official_catalogue
DWA_2020_THE_CROODS_A_NEW_AGE,The Croods: A New Age,DreamWorks Animation,core,2020-11-25,2020,sole_production,,theatrical,sequel,existing_screen_ip,INCLUDE,,COVID-era theatrical release; retained and flagged rather than excluded.,https://www.dreamworks.com/movies,https://en.wikipedia.org/wiki/List_of_DreamWorks_Animation_productions,DreamWorks attribution checked against the official movie catalogue and cross-checked against the independent production filmography; non-standard release cases were verified separately.,2026-08-18,CORE_DWA,Comcast / NBCUniversal,covid_disrupted,animated,official_catalogue
DWA_2021_SPIRIT_UNTAMED,Spirit Untamed,DreamWorks Animation,core,2021-06-04,2021,sole_production,,theatrical,spin_off,existing_screen_ip,INCLUDE,,,https://www.dreamworks.com/movies,https://en.wikipedia.org/wiki/List_of_DreamWorks_Animation_productions,DreamWorks attribution checked against the official movie catalogue and cross-checked against the independent production filmography; non-standard release cases were verified separately.,2026-08-18,CORE_DWA,Comcast / NBCUniversal,standard,animated,official_catalogue
DWA_2021_THE_BOSS_BABY_FAMILY_BUSINESS,The Boss Baby: Family Business,DreamWorks Animation,core,2021-07-02,2021,sole_production,,day_and_date_theatrical_streaming,sequel,existing_screen_ip,INCLUDE,,Released in theaters and simultaneously on Peacock; retained under the day-and-date rule.,https://www.dreamworks.com/movies,https://en.wikipedia.org/wiki/List_of_DreamWorks_Animation_productions,DreamWorks attribution checked against the official movie catalogue and cross-checked against the independent production filmography; non-standard release cases were verified separately.,2026-08-18,CORE_DWA,Comcast / NBCUniversal,covid_disrupted,animated,official_catalogue
DWA_2022_THE_BAD_GUYS,The Bad Guys,DreamWorks Animation,core,2022-04-22,2022,sole_production,,theatrical,first_entry,adaptation_existing_source,INCLUDE,,,https://www.dreamworks.com/movies,https://en.wikipedia.org/wiki/List_of_DreamWorks_Animation_productions,DreamWorks attribution checked against the official movie catalogue and cross-checked against the independent production filmography; non-standard release cases were verified separately.,2026-08-18,CORE_DWA,Comcast / NBCUniversal,standard,animated,official_catalogue
DWA_2022_PUSS_IN_BOOTS_THE_LAST_WISH,Puss in Boots: The Last Wish,DreamWorks Animation,core,2022-12-21,2022,sole_production,,theatrical,sequel,existing_screen_ip,INCLUDE,,,https://www.dreamworks.com/movies,https://en.wikipedia.org/wiki/List_of_DreamWorks_Animation_productions,DreamWorks attribution checked against the official movie catalogue and cross-checked against the independent production filmography; non-standard release cases were verified separately.,2026-08-18,CORE_DWA,Comcast / NBCUniversal,standard,animated,official_catalogue
DWA_2023_RUBY_GILLMAN_TEENAGE_KRAKEN,"Ruby Gillman, Teenage Kraken",DreamWorks Animation,core,2023-06-30,2023,sole_production,,theatrical,first_entry,original_screen_ip,INCLUDE,,,https://www.dreamworks.com/movies,https://en.wikipedia.org/wiki/List_of_DreamWorks_Animation_productions,DreamWorks attribution checked against the official movie catalogue and cross-checked against the independent production filmography; non-standard release cases were verified separately.,2026-08-18,CORE_DWA,Comcast / NBCUniversal,standard,animated,official_catalogue
DWA_2023_TROLLS_BAND_TOGETHER,Trolls Band Together,DreamWorks Animation,core,2023-11-17,2023,sole_production,,theatrical,sequel,existing_screen_ip,INCLUDE,,,https://www.dreamworks.com/movies,https://en.wikipedia.org/wiki/List_of_DreamWorks_Animation_productions,DreamWorks attribution checked against the official movie catalogue and cross-checked against the independent production filmography; non-standard release cases were verified separately.,2026-08-18,CORE_DWA,Comcast / NBCUniversal,standard,animated,official_catalogue
DWA_2024_KUNG_FU_PANDA_4,Kung Fu Panda 4,DreamWorks Animation,core,2024-03-08,2024,sole_production,,theatrical,sequel,existing_screen_ip,INCLUDE,,,https://www.dreamworks.com/movies,https://en.wikipedia.org/wiki/List_of_DreamWorks_Animation_productions,DreamWorks attribution checked against the official movie catalogue and cross-checked against the independent production filmography; non-standard release cases were verified separately.,2026-08-18,CORE_DWA,Comcast / NBCUniversal,standard,animated,official_catalogue
DWA_2024_THE_WILD_ROBOT,The Wild Robot,DreamWorks Animation,core,2024-09-27,2024,sole_production,,theatrical,first_entry,adaptation_existing_source,INCLUDE,,,https://www.dreamworks.com/movies,https://en.wikipedia.org/wiki/List_of_DreamWorks_Animation_productions,DreamWorks attribution checked against the official movie catalogue and cross-checked against the independent production filmography; non-standard release cases were verified separately.,2026-08-18,CORE_DWA,Comcast / NBCUniversal,standard,animated,official_catalogue
DWA_2025_DOG_MAN,Dog Man,DreamWorks Animation,core,2025-01-31,2025,sole_production,,theatrical,first_entry,adaptation_existing_source,INCLUDE,,,https://www.dreamworks.com/movies,https://en.wikipedia.org/wiki/List_of_DreamWorks_Animation_productions,DreamWorks attribution checked against the official movie catalogue and cross-checked against the independent production filmography; non-standard release cases were verified separately.,2026-08-18,CORE_DWA,Comcast / NBCUniversal,standard,animated,official_catalogue
DWA_2025_THE_BAD_GUYS_2,The Bad Guys 2,DreamWorks Animation,core,2025-08-01,2025,sole_production,,theatrical,sequel,existing_screen_ip,INCLUDE,,,https://www.dreamworks.com/movies,https://en.wikipedia.org/wiki/List_of_DreamWorks_Animation_productions,DreamWorks attribution checked against the official movie catalogue and cross-checked against the independent production filmography; non-standard release cases were verified separately.,2026-08-18,CORE_DWA,Comcast / NBCUniversal,standard,animated,official_catalogue
PIXAR_1998_A_BUG_S_LIFE,A Bug's Life,Pixar Animation Studios,disney_pixar,1998-11-25,1998,co_production,Walt Disney Pictures,theatrical,first_entry,original_screen_ip,INCLUDE,,,https://www.pixar.com/feature-films,https://www.sec.gov/Archives/edgar/data/1002114/000119312506047278/d10k.htm,Pixar studio attribution is preserved. Pixar SEC filings identify this title as governed by the Disney-Pixar Co-Production Agreement (Toy Story 2 as a sequel governed by the same agreement). Pixar was still independent at release; Disney co-financed/co-branded the qualifying partnership films.,2026-08-19,DISNEY_PIXAR,Pixar Animation Studios (independent),standard,animated,official_feature_list
PIXAR_1999_TOY_STORY_2,Toy Story 2,Pixar Animation Studios,disney_pixar,1999-11-24,1999,co_production,Walt Disney Pictures,theatrical,sequel,existing_screen_ip,INCLUDE,,,https://www.pixar.com/feature-films,https://www.sec.gov/Archives/edgar/data/1002114/000119312506047278/d10k.htm,Pixar studio attribution is preserved. Pixar SEC filings identify this title as governed by the Disney-Pixar Co-Production Agreement (Toy Story 2 as a sequel governed by the same agreement). Pixar was still independent at release; Disney co-financed/co-branded the qualifying partnership films.,2026-08-19,DISNEY_PIXAR,Pixar Animation Studios (independent),standard,animated,official_feature_list
PIXAR_2001_MONSTERS_INC,"Monsters, Inc.",Pixar Animation Studios,disney_pixar,2001-11-02,2001,co_production,Walt Disney Pictures,theatrical,first_entry,original_screen_ip,INCLUDE,,,https://www.pixar.com/feature-films,https://www.sec.gov/Archives/edgar/data/1002114/000119312506047278/d10k.htm,Pixar studio attribution is preserved. Pixar SEC filings identify this title as governed by the Disney-Pixar Co-Production Agreement (Toy Story 2 as a sequel governed by the same agreement). Pixar was still independent at release; Disney co-financed/co-branded the qualifying partnership films.,2026-08-19,DISNEY_PIXAR,Pixar Animation Studios (independent),standard,animated,official_feature_list
PIXAR_2003_FINDING_NEMO,Finding Nemo,Pixar Animation Studios,disney_pixar,2003-05-30,2003,co_production,Walt Disney Pictures,theatrical,first_entry,original_screen_ip,INCLUDE,,,https://www.pixar.com/feature-films,https://www.sec.gov/Archives/edgar/data/1002114/000119312506047278/d10k.htm,Pixar studio attribution is preserved. Pixar SEC filings identify this title as governed by the Disney-Pixar Co-Production Agreement (Toy Story 2 as a sequel governed by the same agreement). Pixar was still independent at release; Disney co-financed/co-branded the qualifying partnership films.,2026-08-19,DISNEY_PIXAR,Pixar Animation Studios (independent),standard,animated,official_feature_list
PIXAR_2004_THE_INCREDIBLES,The Incredibles,Pixar Animation Studios,disney_pixar,2004-11-05,2004,co_production,Walt Disney Pictures,theatrical,first_entry,original_screen_ip,INCLUDE,,,https://www.pixar.com/feature-films,https://www.sec.gov/Archives/edgar/data/1002114/000119312506047278/d10k.htm,Pixar studio attribution is preserved. Pixar SEC filings identify this title as governed by the Disney-Pixar Co-Production Agreement (Toy Story 2 as a sequel governed by the same agreement). Pixar was still independent at release; Disney co-financed/co-branded the qualifying partnership films.,2026-08-19,DISNEY_PIXAR,Pixar Animation Studios (independent),standard,animated,official_feature_list
PIXAR_2006_CARS,Cars,Pixar Animation Studios,disney_pixar,2006-06-09,2006,co_production,Walt Disney Pictures,theatrical,first_entry,original_screen_ip,INCLUDE,,Disney completed the Pixar acquisition on 2006-05-05; Cars opened on 2006-06-09. Pixar SEC filings also identify Cars as the fifth original Picture under the pre-existing Disney-Pixar Co-Production Agreement. It is therefore Disney-side at release while remaining a Pixar film.,https://www.pixar.com/feature-films,https://www.sec.gov/Archives/edgar/data/1002114/000119312506047278/d10k.htm,Pixar studio attribution preserved; post-acquisition Disney corporate group at release. Co-production status retained because Cars was governed by the Disney-Pixar Co-Production Agreement.,2026-08-19,DISNEY_PIXAR,The Walt Disney Company,standard,animated,official_feature_list
PIXAR_2007_RATATOUILLE,Ratatouille,Pixar Animation Studios,disney_pixar,2007-06-29,2007,co_production,Walt Disney Pictures,theatrical,first_entry,original_screen_ip,INCLUDE,,,https://www.pixar.com/feature-films,https://www.pixar.com/our-story,Pixar feature status confirmed by Pixar's official feature-film list; release chronology cross-checked against Pixar's official history. Streaming-first exceptions retain their original release strategy.,2026-08-19,DISNEY_PIXAR,The Walt Disney Company,standard,animated,official_feature_list
PIXAR_2008_WALL_E,WALL-E,Pixar Animation Studios,disney_pixar,2008-06-27,2008,co_production,Walt Disney Pictures,theatrical,first_entry,original_screen_ip,INCLUDE,,,https://www.pixar.com/feature-films,https://www.pixar.com/our-story,Pixar feature status confirmed by Pixar's official feature-film list; release chronology cross-checked against Pixar's official history. Streaming-first exceptions retain their original release strategy.,2026-08-19,DISNEY_PIXAR,The Walt Disney Company,standard,animated,official_feature_list
PIXAR_2009_UP,Up,Pixar Animation Studios,disney_pixar,2009-05-29,2009,co_production,Walt Disney Pictures,theatrical,first_entry,original_screen_ip,INCLUDE,,,https://www.pixar.com/feature-films,https://www.pixar.com/our-story,Pixar feature status confirmed by Pixar's official feature-film list; release chronology cross-checked against Pixar's official history. Streaming-first exceptions retain their original release strategy.,2026-08-19,DISNEY_PIXAR,The Walt Disney Company,standard,animated,official_feature_list
PIXAR_2010_TOY_STORY_3,Toy Story 3,Pixar Animation Studios,disney_pixar,2010-06-18,2010,co_production,Walt Disney Pictures,theatrical,sequel,existing_screen_ip,INCLUDE,,,https://www.pixar.com/feature-films,https://www.pixar.com/our-story,Pixar feature status confirmed by Pixar's official feature-film list; release chronology cross-checked against Pixar's official history. Streaming-first exceptions retain their original release strategy.,2026-08-19,DISNEY_PIXAR,The Walt Disney Company,standard,animated,official_feature_list
PIXAR_2011_CARS_2,Cars 2,Pixar Animation Studios,disney_pixar,2011-06-24,2011,co_production,Walt Disney Pictures,theatrical,sequel,existing_screen_ip,INCLUDE,,,https://www.pixar.com/feature-films,https://www.pixar.com/our-story,Pixar feature status confirmed by Pixar's official feature-film list; release chronology cross-checked against Pixar's official history. Streaming-first exceptions retain their original release strategy.,2026-08-19,DISNEY_PIXAR,The Walt Disney Company,standard,animated,official_feature_list
PIXAR_2012_BRAVE,Brave,Pixar Animation Studios,disney_pixar,2012-06-22,2012,co_production,Walt Disney Pictures,theatrical,first_entry,original_screen_ip,INCLUDE,,,https://www.pixar.com/feature-films,https://www.pixar.com/our-story,Pixar feature status confirmed by Pixar's official feature-film list; release chronology cross-checked against Pixar's official history. Streaming-first exceptions retain their original release strategy.,2026-08-19,DISNEY_PIXAR,The Walt Disney Company,standard,animated,official_feature_list
PIXAR_2013_MONSTERS_UNIVERSITY,Monsters University,Pixar Animation Studios,disney_pixar,2013-06-21,2013,co_production,Walt Disney Pictures,theatrical,prequel,existing_screen_ip,INCLUDE,,,https://www.pixar.com/feature-films,https://www.pixar.com/our-story,Pixar feature status confirmed by Pixar's official feature-film list; release chronology cross-checked against Pixar's official history. Streaming-first exceptions retain their original release strategy.,2026-08-19,DISNEY_PIXAR,The Walt Disney Company,standard,animated,official_feature_list
PIXAR_2015_INSIDE_OUT,Inside Out,Pixar Animation Studios,disney_pixar,2015-06-19,2015,co_production,Walt Disney Pictures,theatrical,first_entry,original_screen_ip,INCLUDE,,,https://www.pixar.com/feature-films,https://www.pixar.com/our-story,Pixar feature status confirmed by Pixar's official feature-film list; release chronology cross-checked against Pixar's official history. Streaming-first exceptions retain their original release strategy.,2026-08-19,DISNEY_PIXAR,The Walt Disney Company,standard,animated,official_feature_list
PIXAR_2015_THE_GOOD_DINOSAUR,The Good Dinosaur,Pixar Animation Studios,disney_pixar,2015-11-25,2015,co_production,Walt Disney Pictures,theatrical,first_entry,original_screen_ip,INCLUDE,,,https://www.pixar.com/feature-films,https://www.pixar.com/our-story,Pixar feature status confirmed by Pixar's official feature-film list; release chronology cross-checked against Pixar's official history. Streaming-first exceptions retain their original release strategy.,2026-08-19,DISNEY_PIXAR,The Walt Disney Company,standard,animated,official_feature_list
PIXAR_2016_FINDING_DORY,Finding Dory,Pixar Animation Studios,disney_pixar,2016-06-17,2016,co_production,Walt Disney Pictures,theatrical,sequel,existing_screen_ip,INCLUDE,,,https://www.pixar.com/feature-films,https://www.pixar.com/our-story,Pixar feature status confirmed by Pixar's official feature-film list; release chronology cross-checked against Pixar's official history. Streaming-first exceptions retain their original release strategy.,2026-08-19,DISNEY_PIXAR,The Walt Disney Company,standard,animated,official_feature_list
PIXAR_2017_CARS_3,Cars 3,Pixar Animation Studios,disney_pixar,2017-06-16,2017,co_production,Walt Disney Pictures,theatrical,sequel,existing_screen_ip,INCLUDE,,,https://www.pixar.com/feature-films,https://www.pixar.com/our-story,Pixar feature status confirmed by Pixar's official feature-film list; release chronology cross-checked against Pixar's official history. Streaming-first exceptions retain their original release strategy.,2026-08-19,DISNEY_PIXAR,The Walt Disney Company,standard,animated,official_feature_list
PIXAR_2017_COCO,Coco,Pixar Animation Studios,disney_pixar,2017-11-22,2017,co_production,Walt Disney Pictures,theatrical,first_entry,original_screen_ip,INCLUDE,,,https://www.pixar.com/feature-films,https://www.pixar.com/our-story,Pixar feature status confirmed by Pixar's official feature-film list; release chronology cross-checked against Pixar's official history. Streaming-first exceptions retain their original release strategy.,2026-08-19,DISNEY_PIXAR,The Walt Disney Company,standard,animated,official_feature_list
PIXAR_2018_INCREDIBLES_2,Incredibles 2,Pixar Animation Studios,disney_pixar,2018-06-15,2018,co_production,Walt Disney Pictures,theatrical,sequel,existing_screen_ip,INCLUDE,,,https://www.pixar.com/feature-films,https://www.pixar.com/our-story,Pixar feature status confirmed by Pixar's official feature-film list; release chronology cross-checked against Pixar's official history. Streaming-first exceptions retain their original release strategy.,2026-08-19,DISNEY_PIXAR,The Walt Disney Company,standard,animated,official_feature_list
PIXAR_2019_TOY_STORY_4,Toy Story 4,Pixar Animation Studios,disney_pixar,2019-06-21,2019,co_production,Walt Disney Pictures,theatrical,sequel,existing_screen_ip,INCLUDE,,,https://www.pixar.com/feature-films,https://www.pixar.com/our-story,Pixar feature status confirmed by Pixar's official feature-film list; release chronology cross-checked against Pixar's official history. Streaming-first exceptions retain their original release strategy.,2026-08-19,DISNEY_PIXAR,The Walt Disney Company,standard,animated,official_feature_list
PIXAR_2020_ONWARD,Onward,Pixar Animation Studios,disney_pixar,2020-03-06,2020,co_production,Walt Disney Pictures,theatrical,first_entry,original_screen_ip,INCLUDE,,Theatrical release began before widespread COVID cinema closures; retained and flagged for release-context comparability.,https://www.pixar.com/feature-films,https://www.pixar.com/our-story,Pixar feature status confirmed by Pixar's official feature-film list; release chronology cross-checked against Pixar's official history. Streaming-first exceptions retain their original release strategy.,2026-08-19,DISNEY_PIXAR,The Walt Disney Company,covid_disrupted,animated,official_feature_list
PIXAR_2020_SOUL,Soul,Pixar Animation Studios,disney_pixar,2020-12-24,2020,co_production,Walt Disney Pictures,day_and_date_theatrical_streaming,first_entry,original_screen_ip,INCLUDE,,"COVID-era distribution edge case. Disney announced a Disney+ debut on 2020-12-25 and theatrical release in international markets where Disney+ was unavailable. Commercial theatrical openings are recorded from 2020-12-24, so this satisfies the catalogue rule allowing genuine day-and-date theatrical/streaming releases.",https://press.disneyplus.com/news/disney-pixar-soul-to-make-exclusive-holiday-debut-on-disney-plus,https://www.the-numbers.com/movie/Soul-%282020%29,Release strategy re-verified in the 2026-08-19 Task 2 revision. This is not a streaming-first title with only a later rerelease; it had contemporaneous commercial theatrical distribution in multiple markets.,2026-08-19,DISNEY_PIXAR,The Walt Disney Company,covid_disrupted,animated,official_feature_list
PIXAR_2022_LIGHTYEAR,Lightyear,Pixar Animation Studios,disney_pixar,2022-06-17,2022,co_production,Walt Disney Pictures,theatrical,spin_off,existing_screen_ip,INCLUDE,,,https://www.pixar.com/feature-films,https://www.pixar.com/our-story,Pixar feature status confirmed by Pixar's official feature-film list; release chronology cross-checked against Pixar's official history. Streaming-first exceptions retain their original release strategy.,2026-08-19,DISNEY_PIXAR,The Walt Disney Company,standard,animated,official_feature_list
PIXAR_2023_ELEMENTAL,Elemental,Pixar Animation Studios,disney_pixar,2023-06-16,2023,co_production,Walt Disney Pictures,theatrical,first_entry,original_screen_ip,INCLUDE,,,https://www.pixar.com/feature-films,https://www.pixar.com/our-story,Pixar feature status confirmed by Pixar's official feature-film list; release chronology cross-checked against Pixar's official history. Streaming-first exceptions retain their original release strategy.,2026-08-19,DISNEY_PIXAR,The Walt Disney Company,standard,animated,official_feature_list
PIXAR_2024_INSIDE_OUT_2,Inside Out 2,Pixar Animation Studios,disney_pixar,2024-06-14,2024,co_production,Walt Disney Pictures,theatrical,sequel,existing_screen_ip,INCLUDE,,,https://www.pixar.com/feature-films,https://www.pixar.com/our-story,Pixar feature status confirmed by Pixar's official feature-film list; release chronology cross-checked against Pixar's official history. Streaming-first exceptions retain their original release strategy.,2026-08-19,DISNEY_PIXAR,The Walt Disney Company,standard,animated,official_feature_list
PIXAR_2025_ELIO,Elio,Pixar Animation Studios,disney_pixar,2025-06-20,2025,co_production,Walt Disney Pictures,theatrical,first_entry,original_screen_ip,INCLUDE,,,https://www.pixar.com/feature-films,https://www.pixar.com/our-story,Pixar feature status confirmed by Pixar's official feature-film list; release chronology cross-checked against Pixar's official history. Streaming-first exceptions retain their original release strategy.,2026-08-19,DISNEY_PIXAR,The Walt Disney Company,standard,animated,official_feature_list
PIXAR_2026_HOPPERS,Hoppers,Pixar Animation Studios,disney_pixar,2026-03-06,2026,co_production,Walt Disney Pictures,theatrical,first_entry,original_screen_ip,INCLUDE,,,https://www.pixar.com/feature-films,https://www.pixar.com/our-story,Pixar feature status confirmed by Pixar's official feature-film list; release chronology cross-checked against Pixar's official history. Streaming-first exceptions retain their original release strategy.,2026-08-19,DISNEY_PIXAR,The Walt Disney Company,standard,animated,official_feature_list
PIXAR_2026_TOY_STORY_5,Toy Story 5,Pixar Animation Studios,disney_pixar,2026-06-19,2026,co_production,Walt Disney Pictures,theatrical,sequel,existing_screen_ip,INCLUDE,,,https://www.pixar.com/feature-films,https://www.pixar.com/our-story,Pixar feature status confirmed by Pixar's official feature-film list; release chronology cross-checked against Pixar's official history. Streaming-first exceptions retain their original release strategy.,2026-08-19,DISNEY_PIXAR,The Walt Disney Company,standard,animated,official_feature_list
WDAS_1998_MULAN,Mulan,Walt Disney Animation Studios,core,1998-06-19,1998,sole_production,,theatrical,first_entry,adaptation_existing_source,INCLUDE,,,https://disneyanimation.com/films/,https://en.wikipedia.org/wiki/List_of_Walt_Disney_Animation_Studios_films,WDAS production confirmed by the official Walt Disney Animation Studios feature-film canon; date and relationship metadata cross-checked against the secondary filmography.,2026-08-18,CORE_WDAS,The Walt Disney Company,standard,animated,official_catalogue
WDAS_1999_TARZAN,Tarzan,Walt Disney Animation Studios,core,1999-06-18,1999,sole_production,,theatrical,first_entry,adaptation_existing_source,INCLUDE,,,https://disneyanimation.com/films/,https://en.wikipedia.org/wiki/List_of_Walt_Disney_Animation_Studios_films,WDAS production confirmed by the official Walt Disney Animation Studios feature-film canon; date and relationship metadata cross-checked against the secondary filmography.,2026-08-18,CORE_WDAS,The Walt Disney Company,standard,animated,official_catalogue
WDAS_2000_FANTASIA_2000,Fantasia 2000,Walt Disney Animation Studios,core,2000-01-01,2000,sole_production,,limited_theatrical,sequel,existing_screen_ip,INCLUDE,,Initial commercial strategy was an IMAX theatrical engagement; included as a qualifying limited theatrical feature.,https://disneyanimation.com/films/,https://en.wikipedia.org/wiki/List_of_Walt_Disney_Animation_Studios_films,WDAS production confirmed by the official Walt Disney Animation Studios feature-film canon; date and relationship metadata cross-checked against the secondary filmography.,2026-08-18,CORE_WDAS,The Walt Disney Company,standard,animated,official_catalogue
WDAS_2000_DINOSAUR,Dinosaur,Walt Disney Animation Studios,core,2000-05-19,2000,sole_production,,theatrical,first_entry,original_screen_ip,INCLUDE,,,https://disneyanimation.com/films/,https://en.wikipedia.org/wiki/List_of_Walt_Disney_Animation_Studios_films,WDAS production confirmed by the official Walt Disney Animation Studios feature-film canon; date and relationship metadata cross-checked against the secondary filmography.,2026-08-18,CORE_WDAS,The Walt Disney Company,standard,animated,official_catalogue
WDAS_2000_THE_EMPEROR_S_NEW_GROOVE,The Emperor's New Groove,Walt Disney Animation Studios,core,2000-12-15,2000,sole_production,,theatrical,first_entry,original_screen_ip,INCLUDE,,,https://disneyanimation.com/films/,https://en.wikipedia.org/wiki/List_of_Walt_Disney_Animation_Studios_films,WDAS production confirmed by the official Walt Disney Animation Studios feature-film canon; date and relationship metadata cross-checked against the secondary filmography.,2026-08-18,CORE_WDAS,The Walt Disney Company,standard,animated,official_catalogue
WDAS_2001_ATLANTIS_THE_LOST_EMPIRE,Atlantis: The Lost Empire,Walt Disney Animation Studios,core,2001-06-15,2001,sole_production,,theatrical,first_entry,original_screen_ip,INCLUDE,,,https://disneyanimation.com/films/,https://en.wikipedia.org/wiki/List_of_Walt_Disney_Animation_Studios_films,WDAS production confirmed by the official Walt Disney Animation Studios feature-film canon; date and relationship metadata cross-checked against the secondary filmography.,2026-08-18,CORE_WDAS,The Walt Disney Company,standard,animated,official_catalogue
WDAS_2002_LILO_STITCH,Lilo & Stitch,Walt Disney Animation Studios,core,2002-06-21,2002,sole_production,,theatrical,first_entry,original_screen_ip,INCLUDE,,,https://disneyanimation.com/films/,https://en.wikipedia.org/wiki/List_of_Walt_Disney_Animation_Studios_films,WDAS production confirmed by the official Walt Disney Animation Studios feature-film canon; date and relationship metadata cross-checked against the secondary filmography.,2026-08-18,CORE_WDAS,The Walt Disney Company,standard,animated,official_catalogue
WDAS_2002_TREASURE_PLANET,Treasure Planet,Walt Disney Animation Studios,core,2002-11-27,2002,sole_production,,theatrical,first_entry,adaptation_existing_source,INCLUDE,,,https://disneyanimation.com/films/,https://en.wikipedia.org/wiki/List_of_Walt_Disney_Animation_Studios_films,WDAS production confirmed by the official Walt Disney Animation Studios feature-film canon; date and relationship metadata cross-checked against the secondary filmography.,2026-08-18,CORE_WDAS,The Walt Disney Company,standard,animated,official_catalogue
WDAS_2003_BROTHER_BEAR,Brother Bear,Walt Disney Animation Studios,core,2003-11-01,2003,sole_production,,theatrical,first_entry,original_screen_ip,INCLUDE,,,https://disneyanimation.com/films/,https://en.wikipedia.org/wiki/List_of_Walt_Disney_Animation_Studios_films,WDAS production confirmed by the official Walt Disney Animation Studios feature-film canon; date and relationship metadata cross-checked against the secondary filmography.,2026-08-18,CORE_WDAS,The Walt Disney Company,standard,animated,official_catalogue
WDAS_2004_HOME_ON_THE_RANGE,Home on the Range,Walt Disney Animation Studios,core,2004-04-02,2004,sole_production,,theatrical,first_entry,original_screen_ip,INCLUDE,,,https://disneyanimation.com/films/,https://en.wikipedia.org/wiki/List_of_Walt_Disney_Animation_Studios_films,WDAS production confirmed by the official Walt Disney Animation Studios feature-film canon; date and relationship metadata cross-checked against the secondary filmography.,2026-08-18,CORE_WDAS,The Walt Disney Company,standard,animated,official_catalogue
WDAS_2005_CHICKEN_LITTLE,Chicken Little,Walt Disney Animation Studios,core,2005-11-04,2005,sole_production,,theatrical,first_entry,adaptation_existing_source,INCLUDE,,,https://disneyanimation.com/films/,https://en.wikipedia.org/wiki/List_of_Walt_Disney_Animation_Studios_films,WDAS production confirmed by the official Walt Disney Animation Studios feature-film canon; date and relationship metadata cross-checked against the secondary filmography.,2026-08-18,CORE_WDAS,The Walt Disney Company,standard,animated,official_catalogue
WDAS_2007_MEET_THE_ROBINSONS,Meet the Robinsons,Walt Disney Animation Studios,core,2007-03-30,2007,sole_production,,theatrical,first_entry,adaptation_existing_source,INCLUDE,,,https://disneyanimation.com/films/,https://en.wikipedia.org/wiki/List_of_Walt_Disney_Animation_Studios_films,WDAS production confirmed by the official Walt Disney Animation Studios feature-film canon; date and relationship metadata cross-checked against the secondary filmography.,2026-08-18,CORE_WDAS,The Walt Disney Company,standard,animated,official_catalogue
WDAS_2008_BOLT,Bolt,Walt Disney Animation Studios,core,2008-11-21,2008,sole_production,,theatrical,first_entry,original_screen_ip,INCLUDE,,,https://disneyanimation.com/films/,https://en.wikipedia.org/wiki/List_of_Walt_Disney_Animation_Studios_films,WDAS production confirmed by the official Walt Disney Animation Studios feature-film canon; date and relationship metadata cross-checked against the secondary filmography.,2026-08-18,CORE_WDAS,The Walt Disney Company,standard,animated,official_catalogue
WDAS_2009_THE_PRINCESS_AND_THE_FROG,The Princess and the Frog,Walt Disney Animation Studios,core,2009-12-11,2009,sole_production,,theatrical,first_entry,adaptation_existing_source,INCLUDE,,,https://disneyanimation.com/films/,https://en.wikipedia.org/wiki/List_of_Walt_Disney_Animation_Studios_films,WDAS production confirmed by the official Walt Disney Animation Studios feature-film canon; date and relationship metadata cross-checked against the secondary filmography.,2026-08-18,CORE_WDAS,The Walt Disney Company,standard,animated,official_catalogue
WDAS_2010_TANGLED,Tangled,Walt Disney Animation Studios,core,2010-11-24,2010,sole_production,,theatrical,first_entry,adaptation_existing_source,INCLUDE,,,https://disneyanimation.com/films/,https://en.wikipedia.org/wiki/List_of_Walt_Disney_Animation_Studios_films,WDAS production confirmed by the official Walt Disney Animation Studios feature-film canon; date and relationship metadata cross-checked against the secondary filmography.,2026-08-18,CORE_WDAS,The Walt Disney Company,standard,animated,official_catalogue
WDAS_2011_WINNIE_THE_POOH,Winnie the Pooh,Walt Disney Animation Studios,core,2011-07-15,2011,sole_production,,theatrical,first_entry,adaptation_existing_source,INCLUDE,,,https://disneyanimation.com/films/,https://en.wikipedia.org/wiki/List_of_Walt_Disney_Animation_Studios_films,WDAS production confirmed by the official Walt Disney Animation Studios feature-film canon; date and relationship metadata cross-checked against the secondary filmography.,2026-08-18,CORE_WDAS,The Walt Disney Company,standard,animated,official_catalogue
WDAS_2012_WRECK_IT_RALPH,Wreck-It Ralph,Walt Disney Animation Studios,core,2012-11-02,2012,sole_production,,theatrical,first_entry,original_screen_ip,INCLUDE,,,https://disneyanimation.com/films/,https://en.wikipedia.org/wiki/List_of_Walt_Disney_Animation_Studios_films,WDAS production confirmed by the official Walt Disney Animation Studios feature-film canon; date and relationship metadata cross-checked against the secondary filmography.,2026-08-18,CORE_WDAS,The Walt Disney Company,standard,animated,official_catalogue
WDAS_2013_FROZEN,Frozen,Walt Disney Animation Studios,core,2013-11-27,2013,sole_production,,theatrical,first_entry,adaptation_existing_source,INCLUDE,,,https://disneyanimation.com/films/,https://en.wikipedia.org/wiki/List_of_Walt_Disney_Animation_Studios_films,WDAS production confirmed by the official Walt Disney Animation Studios feature-film canon; date and relationship metadata cross-checked against the secondary filmography.,2026-08-18,CORE_WDAS,The Walt Disney Company,standard,animated,official_catalogue
WDAS_2014_BIG_HERO_6,Big Hero 6,Walt Disney Animation Studios,core,2014-11-07,2014,sole_production,,theatrical,first_entry,adaptation_existing_source,INCLUDE,,,https://disneyanimation.com/films/,https://en.wikipedia.org/wiki/List_of_Walt_Disney_Animation_Studios_films,WDAS production confirmed by the official Walt Disney Animation Studios feature-film canon; date and relationship metadata cross-checked against the secondary filmography.,2026-08-18,CORE_WDAS,The Walt Disney Company,standard,animated,official_catalogue
WDAS_2016_ZOOTOPIA,Zootopia,Walt Disney Animation Studios,core,2016-03-04,2016,sole_production,,theatrical,first_entry,original_screen_ip,INCLUDE,,,https://disneyanimation.com/films/,https://en.wikipedia.org/wiki/List_of_Walt_Disney_Animation_Studios_films,WDAS production confirmed by the official Walt Disney Animation Studios feature-film canon; date and relationship metadata cross-checked against the secondary filmography.,2026-08-18,CORE_WDAS,The Walt Disney Company,standard,animated,official_catalogue
WDAS_2016_MOANA,Moana,Walt Disney Animation Studios,core,2016-11-23,2016,sole_production,,theatrical,first_entry,original_screen_ip,INCLUDE,,,https://disneyanimation.com/films/,https://en.wikipedia.org/wiki/List_of_Walt_Disney_Animation_Studios_films,WDAS production confirmed by the official Walt Disney Animation Studios feature-film canon; date and relationship metadata cross-checked against the secondary filmography.,2026-08-18,CORE_WDAS,The Walt Disney Company,standard,animated,official_catalogue
WDAS_2018_RALPH_BREAKS_THE_INTERNET,Ralph Breaks the Internet,Walt Disney Animation Studios,core,2018-11-21,2018,sole_production,,theatrical,sequel,existing_screen_ip,INCLUDE,,,https://disneyanimation.com/films/,https://en.wikipedia.org/wiki/List_of_Walt_Disney_Animation_Studios_films,WDAS production confirmed by the official Walt Disney Animation Studios feature-film canon; date and relationship metadata cross-checked against the secondary filmography.,2026-08-18,CORE_WDAS,The Walt Disney Company,standard,animated,official_catalogue
WDAS_2019_FROZEN_2,Frozen 2,Walt Disney Animation Studios,core,2019-11-22,2019,sole_production,,theatrical,sequel,existing_screen_ip,INCLUDE,,,https://disneyanimation.com/films/,https://en.wikipedia.org/wiki/List_of_Walt_Disney_Animation_Studios_films,WDAS production confirmed by the official Walt Disney Animation Studios feature-film canon; date and relationship metadata cross-checked against the secondary filmography.,2026-08-18,CORE_WDAS,The Walt Disney Company,standard,animated,official_catalogue
WDAS_2021_RAYA_AND_THE_LAST_DRAGON,Raya and the Last Dragon,Walt Disney Animation Studios,core,2021-03-05,2021,sole_production,,day_and_date_theatrical_streaming,first_entry,original_screen_ip,INCLUDE,,,https://press.disneyplus.com/news/raya-and-the-last-dragon-pre-order-on-disney-plus,https://disneyanimation.com/films/,"Disney's official release notice confirms simultaneous theatrical and Disney+ Premier Access release on March 5, 2021; included under the day-and-date rule.",2026-08-18,CORE_WDAS,The Walt Disney Company,covid_disrupted,animated,official_catalogue
WDAS_2021_ENCANTO,Encanto,Walt Disney Animation Studios,core,2021-11-24,2021,sole_production,,theatrical,first_entry,original_screen_ip,INCLUDE,,,https://disneyanimation.com/films/,https://en.wikipedia.org/wiki/List_of_Walt_Disney_Animation_Studios_films,WDAS production confirmed by the official Walt Disney Animation Studios feature-film canon; date and relationship metadata cross-checked against the secondary filmography.,2026-08-18,CORE_WDAS,The Walt Disney Company,standard,animated,official_catalogue
WDAS_2022_STRANGE_WORLD,Strange World,Walt Disney Animation Studios,core,2022-11-23,2022,sole_production,,theatrical,first_entry,original_screen_ip,INCLUDE,,,https://disneyanimation.com/films/,https://en.wikipedia.org/wiki/List_of_Walt_Disney_Animation_Studios_films,WDAS production confirmed by the official Walt Disney Animation Studios feature-film canon; date and relationship metadata cross-checked against the secondary filmography.,2026-08-18,CORE_WDAS,The Walt Disney Company,standard,animated,official_catalogue
WDAS_2023_WISH,Wish,Walt Disney Animation Studios,core,2023-11-22,2023,sole_production,,theatrical,first_entry,original_screen_ip,INCLUDE,,,https://disneyanimation.com/films/,https://en.wikipedia.org/wiki/List_of_Walt_Disney_Animation_Studios_films,WDAS production confirmed by the official Walt Disney Animation Studios feature-film canon; date and relationship metadata cross-checked against the secondary filmography.,2026-08-18,CORE_WDAS,The Walt Disney Company,standard,animated,official_catalogue
WDAS_2024_MOANA_2,Moana 2,Walt Disney Animation Studios,core,2024-11-27,2024,sole_production,,theatrical,sequel,existing_screen_ip,INCLUDE,,,https://disneyanimation.com/films/,https://en.wikipedia.org/wiki/List_of_Walt_Disney_Animation_Studios_films,WDAS production confirmed by the official Walt Disney Animation Studios feature-film canon; date and relationship metadata cross-checked against the secondary filmography.,2026-08-18,CORE_WDAS,The Walt Disney Company,standard,animated,official_catalogue
WDAS_2025_ZOOTOPIA_2,Zootopia 2,Walt Disney Animation Studios,core,2025-11-26,2025,sole_production,,theatrical,sequel,existing_screen_ip,INCLUDE,,,https://disneyanimation.com/films/,https://en.wikipedia.org/wiki/List_of_Walt_Disney_Animation_Studios_films,WDAS production confirmed by the official Walt Disney Animation Studios feature-film canon; date and relationship metadata cross-checked against the secondary filmography.,2026-08-18,CORE_WDAS,The Walt Disney Company,standard,animated,official_catalogue
DISNEYREMAKE_2010_ALICE_IN_WONDERLAND,Alice in Wonderland,Walt Disney Pictures,remake_context,2010-03-05,2010,co_production,Roth Films; Team Todd,theatrical,remake_reimagining,existing_screen_ip,INCLUDE,,Disney has explicitly described the 2010 film within its live-action reimagining line.,https://thewaltdisneycompany.com/news/the-lion-king-reigns-over-the-global-box-office/,https://en.wikipedia.org/wiki/List_of_Disney_live-action_adaptations_and_remakes_of_Disney_animated_films,Disney live-action/remake-layer status was checked against official Disney corporate language where available; sequel/continuation and streaming-only boundaries are retained as explicit exclusions.,2026-08-18,DISNEY_REMAKE,The Walt Disney Company,standard,live_action,remake_layer_candidate
DISNEYREMAKE_2014_MALEFICENT,Maleficent,Walt Disney Pictures,remake_context,2014-05-30,2014,co_production,Roth Films,theatrical,remake_reimagining,existing_screen_ip,INCLUDE,,Villain-perspective live-action reinterpretation of Sleeping Beauty; treated as a reimagining rather than a sequel.,https://thewaltdisneycompany.com/,https://en.wikipedia.org/wiki/List_of_Disney_live-action_adaptations_and_remakes_of_Disney_animated_films,Disney live-action/remake-layer status was checked against official Disney corporate language where available; sequel/continuation and streaming-only boundaries are retained as explicit exclusions.,2026-08-18,DISNEY_REMAKE,The Walt Disney Company,standard,live_action,remake_layer_candidate
DISNEYREMAKE_2015_CINDERELLA,Cinderella,Walt Disney Pictures,remake_context,2015-03-13,2015,co_production,Kinberg Genre; Allison Shearmur Productions; Beagle Pug Films,theatrical,remake_reimagining,existing_screen_ip,INCLUDE,,Official Disney live-action reimagining of the animated classic.,https://thewaltdisneycompany.com/,https://en.wikipedia.org/wiki/List_of_Disney_live-action_adaptations_and_remakes_of_Disney_animated_films,Disney live-action/remake-layer status was checked against official Disney corporate language where available; sequel/continuation and streaming-only boundaries are retained as explicit exclusions.,2026-08-18,DISNEY_REMAKE,The Walt Disney Company,standard,live_action,remake_layer_candidate
DISNEYREMAKE_2016_THE_JUNGLE_BOOK,The Jungle Book,Walt Disney Pictures,remake_context,2016-04-15,2016,co_production,Fairview Entertainment,theatrical,remake_reimagining,existing_screen_ip,INCLUDE,,Official Disney live-action/photorealistic reimagining of the animated classic.,https://thewaltdisneycompany.com/news/the-lion-king-reigns-over-the-global-box-office/,https://en.wikipedia.org/wiki/List_of_Disney_live-action_adaptations_and_remakes_of_Disney_animated_films,Disney live-action/remake-layer status was checked against official Disney corporate language where available; sequel/continuation and streaming-only boundaries are retained as explicit exclusions.,2026-08-18,DISNEY_REMAKE,The Walt Disney Company,standard,live_action,remake_layer_candidate
DISNEYREMAKE_2017_BEAUTY_AND_THE_BEAST,Beauty and the Beast,Walt Disney Pictures,remake_context,2017-03-17,2017,co_production,Mandeville Films,theatrical,remake_reimagining,existing_screen_ip,INCLUDE,,Official Disney live-action adaptation/reimagining of the 1991 WDAS animated feature.,https://thewaltdisneycompany.com/news/the-lion-king-reigns-over-the-global-box-office/,https://en.wikipedia.org/wiki/List_of_Disney_live-action_adaptations_and_remakes_of_Disney_animated_films,Disney live-action/remake-layer status was checked against official Disney corporate language where available; sequel/continuation and streaming-only boundaries are retained as explicit exclusions.,2026-08-18,DISNEY_REMAKE,The Walt Disney Company,standard,live_action,remake_layer_candidate
DISNEYREMAKE_2019_DUMBO,Dumbo,Walt Disney Pictures,remake_context,2019-03-29,2019,co_production,Tim Burton Productions; Infinite Detective,theatrical,remake_reimagining,existing_screen_ip,INCLUDE,,Live-action reimagining of the 1941 WDAS animated feature.,https://thewaltdisneycompany.com/,https://en.wikipedia.org/wiki/List_of_Disney_live-action_adaptations_and_remakes_of_Disney_animated_films,Disney live-action/remake-layer status was checked against official Disney corporate language where available; sequel/continuation and streaming-only boundaries are retained as explicit exclusions.,2026-08-18,DISNEY_REMAKE,The Walt Disney Company,standard,live_action,remake_layer_candidate
DISNEYREMAKE_2019_ALADDIN,Aladdin,Walt Disney Pictures,remake_context,2019-05-24,2019,co_production,Rideback,theatrical,remake_reimagining,existing_screen_ip,INCLUDE,,Explicitly grouped by Disney with its live-action reimagining releases.,https://thewaltdisneycompany.com/news/the-lion-king-reigns-over-the-global-box-office/,https://en.wikipedia.org/wiki/List_of_Disney_live-action_adaptations_and_remakes_of_Disney_animated_films,Disney live-action/remake-layer status was checked against official Disney corporate language where available; sequel/continuation and streaming-only boundaries are retained as explicit exclusions.,2026-08-18,DISNEY_REMAKE,The Walt Disney Company,standard,live_action,remake_layer_candidate
DISNEYREMAKE_2019_THE_LION_KING,The Lion King,Walt Disney Pictures,remake_context,2019-07-19,2019,co_production,Fairview Entertainment,theatrical,remake_reimagining,existing_screen_ip,INCLUDE,,"Photorealistic film explicitly described by Disney as a Disney Live Action reimagining; included only in the remake layer, never as WDAS.",https://thewaltdisneycompany.com/news/the-lion-king-reigns-over-the-global-box-office/,https://en.wikipedia.org/wiki/List_of_Disney_live-action_adaptations_and_remakes_of_Disney_animated_films,Disney live-action/remake-layer status was checked against official Disney corporate language where available; sequel/continuation and streaming-only boundaries are retained as explicit exclusions.,2026-08-18,DISNEY_REMAKE,The Walt Disney Company,standard,photorealistic,remake_layer_candidate
DISNEYREMAKE_2020_MULAN,Mulan,Walt Disney Pictures,remake_context,2020-09-04,2020,co_production,Jason T. Reed Productions; Good Fear Content,day_and_date_theatrical_streaming,remake_reimagining,existing_screen_ip,INCLUDE,,COVID-disrupted Disney+ Premier Access release accompanied by genuine theatrical release in eligible markets; included under the day-and-date rule.,https://thewaltdisneycompany.com/,https://en.wikipedia.org/wiki/List_of_Disney_live-action_adaptations_and_remakes_of_Disney_animated_films,Disney live-action/remake-layer status was checked against official Disney corporate language where available; sequel/continuation and streaming-only boundaries are retained as explicit exclusions.,2026-08-18,DISNEY_REMAKE,The Walt Disney Company,covid_disrupted,live_action,remake_layer_candidate
DISNEYREMAKE_2021_CRUELLA,Cruella,Walt Disney Pictures,remake_context,2021-05-28,2021,co_production,Gunn Films; Marc Platt Productions,day_and_date_theatrical_streaming,prequel,existing_screen_ip,INCLUDE,,"Character-origin reinterpretation derived from Disney's 101 Dalmatians screen property; included as a closely derivative reimagining, while franchise_role remains prequel.",https://thewaltdisneycompany.com/news/disney-media-entertainment-distribution-announces-updates-to-summer-film-release-schedule/,https://en.wikipedia.org/wiki/List_of_Disney_live-action_adaptations_and_remakes_of_Disney_animated_films,Disney confirms simultaneous theatrical and Disney+ Premier Access release. The film is retained as a closely derivative 101 Dalmatians character reimagining; franchise role is recorded separately as prequel.,2026-08-18,DISNEY_REMAKE,The Walt Disney Company,other_exception,live_action,remake_layer_candidate
DISNEYREMAKE_2023_THE_LITTLE_MERMAID,The Little Mermaid,Walt Disney Pictures,remake_context,2023-05-26,2023,co_production,Lucamar Productions; Marc Platt Productions,theatrical,remake_reimagining,existing_screen_ip,INCLUDE,,Official live-action reimagining of the 1989 WDAS animated feature.,https://thewaltdisneycompany.com/,https://en.wikipedia.org/wiki/List_of_Disney_live-action_adaptations_and_remakes_of_Disney_animated_films,Disney live-action/remake-layer status was checked against official Disney corporate language where available; sequel/continuation and streaming-only boundaries are retained as explicit exclusions.,2026-08-18,DISNEY_REMAKE,The Walt Disney Company,standard,live_action,remake_layer_candidate
DISNEYREMAKE_2025_SNOW_WHITE,Snow White,Walt Disney Pictures,remake_context,2025-03-21,2025,co_production,Marc Platt Productions,theatrical,remake_reimagining,existing_screen_ip,INCLUDE,,Disney explicitly calls the film a live-action reimagining of the classic tale and releases it theatrically.,https://thewaltdisneycompany.com/news/d23-brazil-day-one/,https://en.wikipedia.org/wiki/List_of_Disney_live-action_adaptations_and_remakes_of_Disney_animated_films,Disney live-action/remake-layer status was checked against official Disney corporate language where available; sequel/continuation and streaming-only boundaries are retained as explicit exclusions.,2026-08-18,DISNEY_REMAKE,The Walt Disney Company,standard,live_action,remake_layer_candidate
DISNEYREMAKE_2025_LILO_STITCH,Lilo & Stitch,Walt Disney Pictures,remake_context,2025-05-23,2025,co_production,Rideback,theatrical,remake_reimagining,existing_screen_ip,INCLUDE,,Disney explicitly calls it a live-action reimagining of the 2002 animated classic; theatrical release.,https://thewaltdisneycompany.com/news/lilo-stitch-trailer-disney-record/,https://en.wikipedia.org/wiki/List_of_Disney_live-action_adaptations_and_remakes_of_Disney_animated_films,Disney live-action/remake-layer status was checked against official Disney corporate language where available; sequel/continuation and streaming-only boundaries are retained as explicit exclusions.,2026-08-18,DISNEY_REMAKE,The Walt Disney Company,standard,live_action,remake_layer_candidate
DISNEYREMAKE_2026_MOANA,Moana,Walt Disney Pictures,remake_context,2026-07-10,2026,co_production,Seven Bucks Productions; FlynnPictureCo.,theatrical,remake_reimagining,existing_screen_ip,INCLUDE,,Disney explicitly calls it a live-action reimagining of the animated adventure; released before the frozen cutoff.,https://thewaltdisneycompany.com/news/cinemacon-2026-recap/,https://en.wikipedia.org/wiki/List_of_Disney_live-action_adaptations_and_remakes_of_Disney_animated_films,Disney live-action/remake-layer status was checked against official Disney corporate language where available; sequel/continuation and streaming-only boundaries are retained as explicit exclusions.,2026-08-18,DISNEY_REMAKE,The Walt Disney Company,standard,live_action,remake_layer_candidate
