film_id,title,studio,corpus_role,corpus_assignment,competitive_side,corporate_group_at_release,release_date,release_year,production_status,production_partners,release_type,release_context,animation_form,franchise_status,franchise_name,source_material_status,tmdb_id,financial_source_url,production_budget_usd_nominal,production_budget_low_usd_nominal,production_budget_high_usd_nominal,budget_value_type,budget_note,domestic_box_office_usd_nominal,international_box_office_usd_nominal,worldwide_box_office_usd_nominal,box_office_note,tmdb_user_rating,tmdb_vote_count,financial_retrieval_date,tmdb_retrieval_date,is_franchise_extension,domestic_box_office_usd_jul2026,worldwide_gross_to_budget_ratio
DWA_1998_ANTZ,Antz,DreamWorks Animation,core,CORE_DWA,DreamWorks,DreamWorks Animation,1998-10-02,1998,co_production,Pacific Data Images,theatrical,standard,animated,first_entry,,original_screen_ip,,https://www.the-numbers.com/movies/production-company/DreamWorks-Animation,60000000.0,,,point_value,,90757863.0,,152457863,,,,2026-08-18,,False,184790756.69,2.540964
DWA_1998_THE_PRINCE_OF_EGYPT,The Prince of Egypt,DreamWorks Animation,core,CORE_DWA,DreamWorks,DreamWorks Animation,1998-12-18,1998,sole_production,,theatrical,standard,animated,first_entry,,adaptation_existing_source,,https://www.the-numbers.com/movies/production-company/DreamWorks-Animation,60000000.0,,,point_value,,101413188.0,,218613188,,,,2026-08-18,,False,206611890.85,3.643553
DWA_2000_THE_ROAD_TO_EL_DORADO,The Road to El Dorado,DreamWorks Animation,core,CORE_DWA,DreamWorks,DreamWorks Animation,2000-03-31,2000,sole_production,,theatrical,standard,animated,first_entry,,original_screen_ip,,https://www.the-numbers.com/movies/production-company/DreamWorks-Animation,95000000.0,,,point_value,,50802661.0,,65700000,,,,2026-08-18,,False,99088335.02,0.691579
DWA_2000_CHICKEN_RUN,Chicken Run,DreamWorks Animation,core,CORE_DWA,DreamWorks,DreamWorks Animation,2000-06-23,2000,co_production,Aardman Animations; Pathé,theatrical,standard,animated,first_entry,Chicken Run,original_screen_ip,,https://www.the-numbers.com/movies/production-company/DreamWorks-Animation,42000000.0,,,point_value,,106793915.0,,227793915,,,,2026-08-18,,False,206846928.71,5.423665
DWA_2001_SHREK,Shrek,DreamWorks Animation,core,CORE_DWA,DreamWorks,DreamWorks Animation,2001-05-18,2001,co_production,Pacific Data Images,theatrical,standard,animated,first_entry,Shrek,adaptation_existing_source,,https://www.the-numbers.com/movies/production-company/DreamWorks-Animation,50000000.0,,,point_value,,268377061.0,,492534844,,,,2026-08-18,,False,504310250.17,9.850697
DWA_2002_SPIRIT_STALLION_OF_THE_CIMARRON,Spirit: Stallion of the Cimarron,DreamWorks Animation,core,CORE_DWA,DreamWorks,DreamWorks Animation,2002-05-24,2002,sole_production,,theatrical,standard,animated,first_entry,Spirit,original_screen_ip,,https://www.the-numbers.com/movies/production-company/DreamWorks-Animation,80000000.0,,,point_value,,73215310.0,,106515310,,,,2026-08-18,,False,135972802.47,1.331441
DWA_2003_SINBAD_LEGEND_OF_THE_SEVEN_SEAS,Sinbad: Legend of the Seven Seas,DreamWorks Animation,core,CORE_DWA,DreamWorks,DreamWorks Animation,2003-07-02,2003,sole_production,,theatrical,standard,animated,first_entry,,adaptation_existing_source,,https://www.the-numbers.com/movies/production-company/DreamWorks-Animation,60000000.0,,,point_value,,26483452.0,,80767884,,,,2026-08-18,,False,48087554.78,1.346131
DWA_2004_SHREK_2,Shrek 2,DreamWorks Animation,core,CORE_DWA,DreamWorks,DreamWorks Animation,2004-05-19,2004,co_production,Pacific Data Images,theatrical,standard,animated,sequel,Shrek,existing_screen_ip,,https://www.the-numbers.com/movies/production-company/DreamWorks-Animation,70000000.0,,,point_value,,439820881.0,,933848612,,,,2026-08-18,,True,776647852.68,13.340694
DWA_2004_SHARK_TALE,Shark Tale,DreamWorks Animation,core,CORE_DWA,DreamWorks,DreamWorks Animation,2004-10-01,2004,co_production,Pacific Data Images,theatrical,standard,animated,first_entry,,original_screen_ip,,https://www.the-numbers.com/movies/production-company/DreamWorks-Animation,75000000.0,,,point_value,,161412000.0,,371741123,,,,2026-08-18,,False,282338251.52,4.956548
DWA_2005_MADAGASCAR,Madagascar,DreamWorks Animation,core,CORE_DWA,DreamWorks,DreamWorks Animation,2005-05-27,2005,co_production,Pacific Data Images,theatrical,standard,animated,first_entry,Madagascar,original_screen_ip,,https://www.the-numbers.com/movies/production-company/DreamWorks-Animation,75000000.0,,,point_value,,193595521.0,,556559566,,,,2026-08-18,,False,332536158.34,7.420794
DWA_2005_WALLACE_GROMIT_THE_CURSE_OF_THE_WERE_RABBIT,Wallace & Gromit: The Curse of the Were-Rabbit,DreamWorks Animation,core,CORE_DWA,DreamWorks,DreamWorks Animation,2005-10-07,2005,co_production,Aardman Animations,theatrical,standard,animated,first_entry,,existing_screen_ip,,https://www.the-numbers.com/movies/production-company/DreamWorks-Animation,30000000.0,,,point_value,,56068547.0,,197593152,,,,2026-08-18,,False,93987435.13,6.586438
DWA_2006_OVER_THE_HEDGE,Over the Hedge,DreamWorks Animation,core,CORE_DWA,DreamWorks,DreamWorks Animation,2006-05-19,2006,co_production,Pacific Data Images,theatrical,standard,animated,first_entry,,adaptation_existing_source,,https://www.the-numbers.com/movies/production-company/DreamWorks-Animation,80000000.0,,,point_value,,155019340.0,,343397247,,,,2026-08-18,,False,255623446.79,4.292466
DWA_2006_FLUSHED_AWAY,Flushed Away,DreamWorks Animation,core,CORE_DWA,DreamWorks,DreamWorks Animation,2006-11-03,2006,co_production,Aardman Animations,theatrical,standard,animated,first_entry,,original_screen_ip,,https://www.the-numbers.com/movies/production-company/DreamWorks-Animation,149000000.0,,,point_value,,64665672.0,,179357126,,,,2026-08-18,,False,107161448.45,1.203739
DWA_2007_SHREK_THE_THIRD,Shrek the Third,DreamWorks Animation,core,CORE_DWA,DreamWorks,DreamWorks Animation,2007-05-18,2007,co_production,Pacific Data Images,theatrical,standard,animated,sequel,Shrek,existing_screen_ip,,https://www.the-numbers.com/movies/production-company/DreamWorks-Animation,160000000.0,,,point_value,,322719944.0,,807330936,,,,2026-08-18,,True,518213592.09,5.045818
DWA_2007_BEE_MOVIE,Bee Movie,DreamWorks Animation,core,CORE_DWA,DreamWorks,DreamWorks Animation,2007-11-02,2007,co_production,Columbus 81 Productions,theatrical,standard,animated,first_entry,,original_screen_ip,,https://www.the-numbers.com/movies/production-company/DreamWorks-Animation,150000000.0,,,point_value,,126631277.0,,287594577,,,,2026-08-18,,False,201185014.31,1.917297
DWA_2008_KUNG_FU_PANDA,Kung Fu Panda,DreamWorks Animation,core,CORE_DWA,DreamWorks,DreamWorks Animation,2008-06-06,2008,co_production,Pacific Data Images,theatrical,standard,animated,first_entry,Kung Fu Panda,original_screen_ip,,https://www.the-numbers.com/movies/production-company/DreamWorks-Animation,130000000.0,,,point_value,,215727546.0,,632203486,,,,2026-08-18,,False,329206456.16,4.863104
DWA_2008_MADAGASCAR_ESCAPE_2_AFRICA,Madagascar: Escape 2 Africa,DreamWorks Animation,core,CORE_DWA,DreamWorks,DreamWorks Animation,2008-11-07,2008,co_production,Pacific Data Images,theatrical,standard,animated,sequel,Madagascar,existing_screen_ip,,https://www.the-numbers.com/movies/production-company/DreamWorks-Animation,150000000.0,,,point_value,,180174880.0,,599680774,,,,2026-08-18,,True,283222952.01,3.997872
DWA_2009_MONSTERS_VS_ALIENS,Monsters vs. Aliens,DreamWorks Animation,core,CORE_DWA,DreamWorks,DreamWorks Animation,2009-03-27,2009,co_production,Pacific Data Images,theatrical,standard,animated,first_entry,,original_screen_ip,,https://www.the-numbers.com/movies/production-company/DreamWorks-Animation,175000000.0,,,point_value,,198351526.0,,381687380,,,,2026-08-18,,False,311379137.03,2.181071
DWA_2010_HOW_TO_TRAIN_YOUR_DRAGON,How to Train Your Dragon,DreamWorks Animation,core,CORE_DWA,DreamWorks,DreamWorks Animation,2010-03-26,2010,co_production,Pacific Data Images,theatrical,standard,animated,first_entry,How to Train Your Dragon,adaptation_existing_source,,https://www.the-numbers.com/movies/production-company/DreamWorks-Animation,165000000.0,,,point_value,,217851976.0,,494843382,,,,2026-08-18,,False,334257050.34,2.999051
DWA_2010_SHREK_FOREVER_AFTER,Shrek Forever After,DreamWorks Animation,core,CORE_DWA,DreamWorks,DreamWorks Animation,2010-05-21,2010,co_production,Pacific Data Images,theatrical,standard,animated,sequel,Shrek,existing_screen_ip,,https://www.the-numbers.com/movies/production-company/DreamWorks-Animation,165000000.0,,,point_value,,238736787.0,,756244673,,,,2026-08-18,,True,365382900.39,4.583301
DWA_2010_MEGAMIND,Megamind,DreamWorks Animation,core,CORE_DWA,DreamWorks,DreamWorks Animation,2010-11-05,2010,co_production,Pacific Data Images,theatrical,standard,animated,first_entry,Megamind,original_screen_ip,,https://www.the-numbers.com/movies/production-company/DreamWorks-Animation,130000000.0,,,point_value,,148415853.0,,321887208,,,,2026-08-18,,False,226499292.98,2.476055
DWA_2011_KUNG_FU_PANDA_2,Kung Fu Panda 2,DreamWorks Animation,core,CORE_DWA,DreamWorks,DreamWorks Animation,2011-05-26,2011,co_production,Pacific Data Images,theatrical,standard,animated,sequel,Kung Fu Panda,existing_screen_ip,,https://www.the-numbers.com/movies/production-company/DreamWorks-Animation,150000000.0,,,point_value,,165249063.0,,664837547,,,,2026-08-18,,True,244196582.72,4.43225
DWA_2011_PUSS_IN_BOOTS,Puss in Boots,DreamWorks Animation,core,CORE_DWA,DreamWorks,DreamWorks Animation,2011-10-28,2011,co_production,Pacific Data Images,theatrical,standard,animated,spin_off,Shrek,existing_screen_ip,,https://www.the-numbers.com/movies/production-company/DreamWorks-Animation,130000000.0,,,point_value,,149260504.0,,554987477,,,,2026-08-18,,True,220124321.4,4.269134
DWA_2012_MADAGASCAR_3_EUROPE_S_MOST_WANTED,Madagascar 3: Europe's Most Wanted,DreamWorks Animation,core,CORE_DWA,DreamWorks,DreamWorks Animation,2012-06-08,2012,co_production,Pacific Data Images,theatrical,standard,animated,sequel,Madagascar,existing_screen_ip,,https://www.the-numbers.com/movies/production-company/DreamWorks-Animation,145000000.0,,,point_value,,216391482.0,,746921271,,,,2026-08-18,,True,314875547.49,5.151181
DWA_2012_RISE_OF_THE_GUARDIANS,Rise of the Guardians,DreamWorks Animation,core,CORE_DWA,DreamWorks,DreamWorks Animation,2012-11-21,2012,sole_production,,theatrical,standard,animated,first_entry,,adaptation_existing_source,,https://www.the-numbers.com/movies/production-company/DreamWorks-Animation,145000000.0,,,point_value,,103412758.0,,306941670,,,,2026-08-18,,False,149992317.49,2.116839
DWA_2013_THE_CROODS,The Croods,DreamWorks Animation,core,CORE_DWA,DreamWorks,DreamWorks Animation,2013-03-22,2013,sole_production,,theatrical,standard,animated,first_entry,The Croods,original_screen_ip,,https://www.the-numbers.com/movies/production-company/DreamWorks-Animation,135000000.0,,,point_value,,187168425.0,,573068425,,,,2026-08-18,,False,268497231.81,4.244951
DWA_2013_TURBO,Turbo,DreamWorks Animation,core,CORE_DWA,DreamWorks,DreamWorks Animation,2013-07-17,2013,sole_production,,theatrical,standard,animated,first_entry,,original_screen_ip,,https://www.the-numbers.com/movies/production-company/DreamWorks-Animation,135000000.0,,,point_value,,83028130.0,,286896578,,,,2026-08-18,,False,118686052.47,2.12516
DWA_2014_MR_PEABODY_SHERMAN,Mr. Peabody & Sherman,DreamWorks Animation,core,CORE_DWA,DreamWorks,DreamWorks Animation,2014-03-07,2014,sole_production,,theatrical,standard,animated,first_entry,,existing_screen_ip,,https://www.the-numbers.com/movies/production-company/DreamWorks-Animation,145000000.0,,,point_value,,111506430.0,,269806430,,,,2026-08-18,,False,157575569.71,1.860734
DWA_2014_HOW_TO_TRAIN_YOUR_DRAGON_2,How to Train Your Dragon 2,DreamWorks Animation,core,CORE_DWA,DreamWorks,DreamWorks Animation,2014-06-13,2014,sole_production,,theatrical,standard,animated,sequel,How to Train Your Dragon,existing_screen_ip,,https://www.the-numbers.com/movies/production-company/DreamWorks-Animation,145000000.0,,,point_value,,177002924.0,,614586270,,,,2026-08-18,,True,247980693.27,4.238526
DWA_2014_PENGUINS_OF_MADAGASCAR,Penguins of Madagascar,DreamWorks Animation,core,CORE_DWA,DreamWorks,DreamWorks Animation,2014-11-26,2014,sole_production,,theatrical,standard,animated,spin_off,Madagascar,existing_screen_ip,,https://www.the-numbers.com/movies/production-company/DreamWorks-Animation,132000000.0,,,point_value,,83350911.0,,366942531,,,,2026-08-18,,True,117858359.69,2.779868
DWA_2015_HOME,Home,DreamWorks Animation,core,CORE_DWA,DreamWorks,DreamWorks Animation,2015-03-27,2015,sole_production,,theatrical,standard,animated,first_entry,,adaptation_existing_source,,https://www.the-numbers.com/movies/production-company/DreamWorks-Animation,130000000.0,,,point_value,,177397510.0,,385997896,,,,2026-08-18,,False,250874439.35,2.969215
DWA_2016_KUNG_FU_PANDA_3,Kung Fu Panda 3,DreamWorks Animation,core,CORE_DWA,DreamWorks,DreamWorks Animation,2016-01-29,2016,co_production,Oriental DreamWorks; China Film Group; Zhong Ming You Ying Film,theatrical,standard,animated,sequel,Kung Fu Panda,existing_screen_ip,,https://www.the-numbers.com/movies/production-company/DreamWorks-Animation,140000000.0,,,point_value,,143528619.0,,520189225,,,,2026-08-18,,True,202294439.38,3.715637
DWA_2016_TROLLS,Trolls,DreamWorks Animation,core,CORE_DWA,DreamWorks,Comcast / NBCUniversal,2016-11-04,2016,sole_production,,theatrical,standard,animated,first_entry,Trolls,adaptation_existing_source,,https://www.the-numbers.com/movies/production-company/DreamWorks-Animation,125000000.0,,,point_value,,153856089.0,,342831709,,,,2026-08-18,,False,212863803.34,2.742654
DWA_2017_THE_BOSS_BABY,The Boss Baby,DreamWorks Animation,core,CORE_DWA,DreamWorks,Comcast / NBCUniversal,2017-03-31,2017,sole_production,,theatrical,standard,animated,first_entry,The Boss Baby,adaptation_existing_source,,https://www.the-numbers.com/movies/production-company/DreamWorks-Animation,125000000.0,,,point_value,,175003033.0,,527909949,,,,2026-08-18,,False,239690004.44,4.22328
DWA_2017_CAPTAIN_UNDERPANTS_THE_FIRST_EPIC_MOVIE,Captain Underpants: The First Epic Movie,DreamWorks Animation,core,CORE_DWA,DreamWorks,Comcast / NBCUniversal,2017-06-02,2017,co_production,Scholastic Entertainment,theatrical,standard,animated,first_entry,,adaptation_existing_source,,https://www.the-numbers.com/movies/production-company/DreamWorks-Animation,38000000.0,,,point_value,,73921000.0,,126422949,,,,2026-08-18,,False,100767702.14,3.32692
DWA_2019_HOW_TO_TRAIN_YOUR_DRAGON_THE_HIDDEN_WORLD,How to Train Your Dragon: The Hidden World,DreamWorks Animation,core,CORE_DWA,DreamWorks,Comcast / NBCUniversal,2019-02-22,2019,sole_production,,theatrical,standard,animated,sequel,How to Train Your Dragon,existing_screen_ip,,https://www.the-numbers.com/movies/production-company/DreamWorks-Animation,129000000.0,,,point_value,,160799505.0,,520979901,,,,2026-08-18,,True,212416721.17,4.038604
DWA_2019_ABOMINABLE,Abominable,DreamWorks Animation,core,CORE_DWA,DreamWorks,Comcast / NBCUniversal,2019-09-27,2019,co_production,Pearl Studio; Zhong Ming You Ying Film,theatrical,standard,animated,first_entry,,original_screen_ip,,https://www.the-numbers.com/movies/production-company/DreamWorks-Animation,75000000.0,,,point_value,,60761390.0,,188668889,,,,2026-08-18,,False,79020878.82,2.515585
DWA_2020_TROLLS_WORLD_TOUR,Trolls World Tour,DreamWorks Animation,core,CORE_DWA,DreamWorks,Comcast / NBCUniversal,2020-04-10,2020,sole_production,,day_and_date_theatrical_streaming,covid_disrupted,animated,sequel,Trolls,existing_screen_ip,,https://www.the-numbers.com/movies/production-company/DreamWorks-Animation,90000000.0,,,point_value,,,,48866407,The Numbers reports worldwide theatrical box office but no domestic theatrical total; the film had a COVID-disrupted day-and-date theatrical/digital release. Commercial figures require caution because release_context=covid_disrupted. Release model is day_and_date_theatrical_streaming; theatrical grosses are not directly comparable with standard theatrical releases.,,,2026-08-18,,True,,0.54296
DWA_2020_THE_CROODS_A_NEW_AGE,The Croods: A New Age,DreamWorks Animation,core,CORE_DWA,DreamWorks,Comcast / NBCUniversal,2020-11-25,2020,sole_production,,theatrical,covid_disrupted,animated,sequel,The Croods,existing_screen_ip,,https://www.the-numbers.com/movies/production-company/DreamWorks-Animation,65000000.0,,,point_value,,58568815.0,,214766238,Commercial figures require caution because release_context=covid_disrupted.,,,2026-08-18,,True,75153736.01,3.304096
DWA_2021_SPIRIT_UNTAMED,Spirit Untamed,DreamWorks Animation,core,CORE_DWA,DreamWorks,Comcast / NBCUniversal,2021-06-04,2021,sole_production,,theatrical,standard,animated,spin_off,Spirit,existing_screen_ip,,https://www.the-numbers.com/movies/production-company/DreamWorks-Animation,30000000.0,,,point_value,,17716215.0,,42235744,,,,2026-08-18,,True,21773464.02,1.407858
DWA_2021_THE_BOSS_BABY_FAMILY_BUSINESS,The Boss Baby: Family Business,DreamWorks Animation,core,CORE_DWA,DreamWorks,Comcast / NBCUniversal,2021-07-02,2021,sole_production,,day_and_date_theatrical_streaming,covid_disrupted,animated,sequel,The Boss Baby,existing_screen_ip,,https://www.the-numbers.com/movies/production-company/DreamWorks-Animation,82000000.0,,,point_value,,57300280.0,,146281732,Commercial figures require caution because release_context=covid_disrupted. Release model is day_and_date_theatrical_streaming; theatrical grosses are not directly comparable with standard theatrical releases.,,,2026-08-18,,True,70085658.02,1.783924
DWA_2022_THE_BAD_GUYS,The Bad Guys,DreamWorks Animation,core,CORE_DWA,DreamWorks,Comcast / NBCUniversal,2022-04-22,2022,sole_production,,theatrical,standard,animated,first_entry,The Bad Guys,adaptation_existing_source,,https://www.the-numbers.com/movies/production-company/DreamWorks-Animation,70000000.0,,,point_value,,97459240.0,,250832335,,,,2026-08-18,,False,112564446.29,3.583319
DWA_2022_PUSS_IN_BOOTS_THE_LAST_WISH,Puss in Boots: The Last Wish,DreamWorks Animation,core,CORE_DWA,DreamWorks,Comcast / NBCUniversal,2022-12-21,2022,sole_production,,theatrical,standard,animated,sequel,Shrek,existing_screen_ip,,https://www.the-numbers.com/movies/production-company/DreamWorks-Animation,110000000.0,,,point_value,,186090535.0,,484329137,,,,2026-08-18,,True,209365253.91,4.402992
DWA_2023_RUBY_GILLMAN_TEENAGE_KRAKEN,"Ruby Gillman, Teenage Kraken",DreamWorks Animation,core,CORE_DWA,DreamWorks,Comcast / NBCUniversal,2023-06-30,2023,sole_production,,theatrical,standard,animated,first_entry,,original_screen_ip,,https://www.the-numbers.com/movies/production-company/DreamWorks-Animation,70000000.0,,,point_value,,15753600.0,,46247409,,,,2026-08-18,,False,17241086.32,0.660677
DWA_2023_TROLLS_BAND_TOGETHER,Trolls Band Together,DreamWorks Animation,core,CORE_DWA,DreamWorks,Comcast / NBCUniversal,2023-11-17,2023,sole_production,,theatrical,standard,animated,sequel,Trolls,existing_screen_ip,,https://www.the-numbers.com/movies/production-company/DreamWorks-Animation,95000000.0,,,point_value,,103974820.0,,210651834,,,,2026-08-18,,True,113072629.45,2.217388
DWA_2024_KUNG_FU_PANDA_4,Kung Fu Panda 4,DreamWorks Animation,core,CORE_DWA,DreamWorks,Comcast / NBCUniversal,2024-03-08,2024,sole_production,,theatrical,standard,animated,sequel,Kung Fu Panda,existing_screen_ip,,https://www.the-numbers.com/movies/production-company/DreamWorks-Animation,85000000.0,,,point_value,,193590620.0,,548046737,,,,2026-08-18,,True,206970123.62,6.447609
DWA_2024_THE_WILD_ROBOT,The Wild Robot,DreamWorks Animation,core,CORE_DWA,DreamWorks,Comcast / NBCUniversal,2024-09-27,2024,sole_production,,theatrical,standard,animated,first_entry,,adaptation_existing_source,,https://www.the-numbers.com/movies/production-company/DreamWorks-Animation,78000000.0,,,point_value,,143901945.0,,334560213,,,,2026-08-18,,False,152398659.28,4.289234
DWA_2025_DOG_MAN,Dog Man,DreamWorks Animation,core,CORE_DWA,DreamWorks,Comcast / NBCUniversal,2025-01-31,2025,sole_production,,theatrical,standard,animated,first_entry,,adaptation_existing_source,,https://www.the-numbers.com/movie/Dog-Man-%282025%29,40000000.0,,,point_value,,97970355.0,47669310.0,145639665,,,,2026-08-18,,False,102980961.44,3.640992
DWA_2025_THE_BAD_GUYS_2,The Bad Guys 2,DreamWorks Animation,core,CORE_DWA,DreamWorks,Comcast / NBCUniversal,2025-08-01,2025,sole_production,,theatrical,standard,animated,sequel,The Bad Guys,existing_screen_ip,,https://www.the-numbers.com/movie/Bad-Guys-2-The-%282025%29,80000000.0,,,point_value,,82593605.0,158294724.0,240888329,,,,2026-08-18,,True,85128192.81,3.011104
PIXAR_1998_A_BUG_S_LIFE,A Bug's Life,Pixar Animation Studios,disney_pixar,DISNEY_PIXAR,Disney,Pixar Animation Studios (independent),1998-11-25,1998,co_production,Walt Disney Pictures,theatrical,standard,animated,first_entry,,original_screen_ip,,https://www.the-numbers.com/movie/Bugs-Life-A,45000000.0,,,point_value,,162798565.0,200296754.0,363095319,,,,2026-08-18,,False,331471775.78,8.068785
PIXAR_1999_TOY_STORY_2,Toy Story 2,Pixar Animation Studios,disney_pixar,DISNEY_PIXAR,Disney,Pixar Animation Studios (independent),1999-11-24,1999,co_production,Walt Disney Pictures,theatrical,standard,animated,sequel,Toy Story,existing_screen_ip,,https://www.the-numbers.com/movies/production-company/Disney-Pixar,90000000.0,,,point_value,,245852179.0,,511358276,,,,2026-08-18,,True,487786499.75,5.681759
PIXAR_2001_MONSTERS_INC,"Monsters, Inc.",Pixar Animation Studios,disney_pixar,DISNEY_PIXAR,Disney,Pixar Animation Studios (independent),2001-11-02,2001,co_production,Walt Disney Pictures,theatrical,standard,animated,first_entry,"Monsters, Inc.",original_screen_ip,,https://www.the-numbers.com/movies/production-company/Disney-Pixar,115000000.0,,,point_value,,290149425.0,,560483536,,,,2026-08-18,,False,546144958.83,4.87377
PIXAR_2003_FINDING_NEMO,Finding Nemo,Pixar Animation Studios,disney_pixar,DISNEY_PIXAR,Disney,Pixar Animation Studios (independent),2003-05-30,2003,co_production,Walt Disney Pictures,theatrical,standard,animated,first_entry,Finding Nemo,original_screen_ip,,https://www.the-numbers.com/movies/production-company/Disney-Pixar,94000000.0,,,point_value,,380529370.0,,936094852,,,,2026-08-18,,False,692455619.46,9.958456
PIXAR_2004_THE_INCREDIBLES,The Incredibles,Pixar Animation Studios,disney_pixar,DISNEY_PIXAR,Disney,Pixar Animation Studios (independent),2004-11-05,2004,co_production,Walt Disney Pictures,theatrical,standard,animated,first_entry,The Incredibles,original_screen_ip,,https://www.the-numbers.com/movies/production-company/Disney-Pixar,92000000.0,,,point_value,,261441092.0,,631441092,,,,2026-08-18,,False,457067468.89,6.86349
PIXAR_2006_CARS,Cars,Pixar Animation Studios,disney_pixar,DISNEY_PIXAR,Disney,The Walt Disney Company,2006-06-09,2006,co_production,Walt Disney Pictures,theatrical,standard,animated,first_entry,Cars,original_screen_ip,,https://www.the-numbers.com/movie/Cars,70000000.0,,,point_value,,244082982.0,217547576.0,461630558,,,,2026-08-18,,False,401693943.73,6.594722
PIXAR_2007_RATATOUILLE,Ratatouille,Pixar Animation Studios,disney_pixar,DISNEY_PIXAR,Disney,The Walt Disney Company,2007-06-29,2007,co_production,Walt Disney Pictures,theatrical,standard,animated,first_entry,,original_screen_ip,,https://www.the-numbers.com/movies/production-company/Disney-Pixar,150000000.0,,,point_value,,206445654.0,,626549695,,,,2026-08-18,,False,330862770.18,4.176998
PIXAR_2008_WALL_E,WALL-E,Pixar Animation Studios,disney_pixar,DISNEY_PIXAR,Disney,The Walt Disney Company,2008-06-27,2008,co_production,Walt Disney Pictures,theatrical,standard,animated,first_entry,,original_screen_ip,,https://www.the-numbers.com/movies/production-company/Disney-Pixar,180000000.0,,,point_value,,223808164.0,,532508025,,,,2026-08-18,,False,341537712.25,2.958378
PIXAR_2009_UP,Up,Pixar Animation Studios,disney_pixar,DISNEY_PIXAR,Disney,The Walt Disney Company,2009-05-29,2009,co_production,Walt Disney Pictures,theatrical,standard,animated,first_entry,,original_screen_ip,,https://www.the-numbers.com/movies/production-company/Disney-Pixar,175000000.0,,,point_value,,293004164.0,,731463377,,,,2026-08-18,,False,457501142.99,4.179791
PIXAR_2010_TOY_STORY_3,Toy Story 3,Pixar Animation Studios,disney_pixar,DISNEY_PIXAR,Disney,The Walt Disney Company,2010-06-18,2010,co_production,Walt Disney Pictures,theatrical,standard,animated,sequel,Toy Story,existing_screen_ip,,https://www.the-numbers.com/movies/production-company/Disney-Pixar,200000000.0,,,point_value,,415004880.0,,1068879522,,,,2026-08-18,,True,635779136.65,5.344398
PIXAR_2011_CARS_2,Cars 2,Pixar Animation Studios,disney_pixar,DISNEY_PIXAR,Disney,The Walt Disney Company,2011-06-24,2011,co_production,Walt Disney Pictures,theatrical,standard,animated,sequel,Cars,existing_screen_ip,,https://www.the-numbers.com/movies/production-company/Disney-Pixar,200000000.0,,,point_value,,191450875.0,,558635481,,,,2026-08-18,,True,283219594.36,2.793177
PIXAR_2012_BRAVE,Brave,Pixar Animation Studios,disney_pixar,DISNEY_PIXAR,Disney,The Walt Disney Company,2012-06-22,2012,co_production,Walt Disney Pictures,theatrical,standard,animated,first_entry,,original_screen_ip,,https://www.the-numbers.com/movie/Brave,185000000.0,,,point_value,,237282182.0,317324350.0,554606532,,,,2026-08-18,,False,345274020.38,2.997873
PIXAR_2013_MONSTERS_UNIVERSITY,Monsters University,Pixar Animation Studios,disney_pixar,DISNEY_PIXAR,Disney,The Walt Disney Company,2013-06-21,2013,co_production,Walt Disney Pictures,theatrical,standard,animated,prequel,"Monsters, Inc.",existing_screen_ip,,https://www.the-numbers.com/movies/production-company/Disney-Pixar,200000000.0,,,point_value,,268488329.0,,741738145,,,,2026-08-18,,True,383946681.18,3.708691
PIXAR_2015_INSIDE_OUT,Inside Out,Pixar Animation Studios,disney_pixar,DISNEY_PIXAR,Disney,The Walt Disney Company,2015-06-19,2015,co_production,Walt Disney Pictures,theatrical,standard,animated,first_entry,Inside Out,original_screen_ip,,https://www.the-numbers.com/movie/Inside-Out-%282015%29,175000000.0,,,point_value,,356461711.0,492007743.0,848469454,,,,2026-08-18,,False,498784693.19,4.848397
PIXAR_2015_THE_GOOD_DINOSAUR,The Good Dinosaur,Pixar Animation Studios,disney_pixar,DISNEY_PIXAR,Disney,The Walt Disney Company,2015-11-25,2015,co_production,Walt Disney Pictures,theatrical,standard,animated,first_entry,,original_screen_ip,,https://www.the-numbers.com/movie/Good-Dinosaur-The,187500000.0,,,point_value,,123087120.0,210683917.0,333771037,,,,2026-08-18,,False,173176445.78,1.780112
PIXAR_2016_FINDING_DORY,Finding Dory,Pixar Animation Studios,disney_pixar,DISNEY_PIXAR,Disney,The Walt Disney Company,2016-06-17,2016,co_production,Walt Disney Pictures,theatrical,standard,animated,sequel,Finding Nemo,existing_screen_ip,,https://www.the-numbers.com/movie/Finding-Dory,200000000.0,,,point_value,,486295561.0,538710564.0,1025006125,,,,2026-08-18,,True,673737401.93,5.125031
PIXAR_2017_CARS_3,Cars 3,Pixar Animation Studios,disney_pixar,DISNEY_PIXAR,Disney,The Walt Disney Company,2017-06-16,2017,co_production,Walt Disney Pictures,theatrical,standard,animated,sequel,Cars,existing_screen_ip,,https://www.the-numbers.com/movies/production-company/Disney-Pixar,175000000.0,,,point_value,,152901115.0,,383541369,,,,2026-08-18,,True,208431893.69,2.191665
PIXAR_2017_COCO,Coco,Pixar Animation Studios,disney_pixar,DISNEY_PIXAR,Disney,The Walt Disney Company,2017-11-22,2017,co_production,Walt Disney Pictures,theatrical,standard,animated,first_entry,,original_screen_ip,,https://www.the-numbers.com/movies/production-company/Disney-Pixar,175000000.0,,,point_value,,210460015.0,,796135836,,,,2026-08-18,,False,284901577.78,4.549348
PIXAR_2018_INCREDIBLES_2,Incredibles 2,Pixar Animation Studios,disney_pixar,DISNEY_PIXAR,Disney,The Walt Disney Company,2018-06-15,2018,co_production,Walt Disney Pictures,theatrical,standard,animated,sequel,The Incredibles,existing_screen_ip,,https://www.the-numbers.com/movie/Incredibles-2,200000000.0,,,point_value,,608581744.0,634223615.0,1242805359,,,,2026-08-18,,True,806449483.08,6.214027
PIXAR_2019_TOY_STORY_4,Toy Story 4,Pixar Animation Studios,disney_pixar,DISNEY_PIXAR,Disney,The Walt Disney Company,2019-06-21,2019,co_production,Walt Disney Pictures,theatrical,standard,animated,sequel,Toy Story,existing_screen_ip,,https://www.the-numbers.com/movie/Toy-Story-4-%282019%29,200000000.0,,,point_value,,434038008.0,637139207.0,1071177215,,,,2026-08-18,,True,565828867.29,5.355886
PIXAR_2020_ONWARD,Onward,Pixar Animation Studios,disney_pixar,DISNEY_PIXAR,Disney,The Walt Disney Company,2020-03-06,2020,co_production,Walt Disney Pictures,theatrical,covid_disrupted,animated,first_entry,,original_screen_ip,,https://www.the-numbers.com/movies/production-company/Disney-Pixar,200000000.0,,,point_value,,39119861.0,,133318468,Commercial figures require caution because release_context=covid_disrupted.,,,2026-08-18,,False,50608549.47,0.666592
PIXAR_2020_SOUL,Soul,Pixar Animation Studios,disney_pixar,DISNEY_PIXAR,Disney,The Walt Disney Company,2020-12-24,2020,co_production,Walt Disney Pictures,day_and_date_theatrical_streaming,covid_disrupted,animated,first_entry,,original_screen_ip,,https://www.the-numbers.com/movie/Soul-%282020%29,200000000.0,,,point_value,,946154.0,119122676.0,120068830,"Newly collected for the revised corpus from The Numbers. The reported domestic total is from the January 2024 U.S. theatrical re-release, while the worldwide total combines that domestic run with international theatrical grosses associated with the 2020-2024 rollout. Values are retained as source-reported theatrical totals. The approved CPI formula uses the canonical 2020-12 release month, so Soul's inflation-adjusted domestic value requires special caution.",,,2026-08-19,,False,1212934.31,0.600344
PIXAR_2022_LIGHTYEAR,Lightyear,Pixar Animation Studios,disney_pixar,DISNEY_PIXAR,Disney,The Walt Disney Company,2022-06-17,2022,co_production,Walt Disney Pictures,theatrical,standard,animated,spin_off,Toy Story,existing_screen_ip,,https://www.the-numbers.com/movies/production-company/Disney-Pixar,200000000.0,,,point_value,,118307188.0,,218878024,,,,2026-08-18,,True,133322420.03,1.09439
PIXAR_2023_ELEMENTAL,Elemental,Pixar Animation Studios,disney_pixar,DISNEY_PIXAR,Disney,The Walt Disney Company,2023-06-16,2023,co_production,Walt Disney Pictures,theatrical,standard,animated,first_entry,,original_screen_ip,,https://www.the-numbers.com/movies/production-company/Disney-Pixar,200000000.0,,,point_value,,154426697.0,,484829737,,,,2026-08-18,,False,169007973.57,2.424149
PIXAR_2024_INSIDE_OUT_2,Inside Out 2,Pixar Animation Studios,disney_pixar,DISNEY_PIXAR,Disney,The Walt Disney Company,2024-06-14,2024,co_production,Walt Disney Pictures,theatrical,standard,animated,sequel,Inside Out,existing_screen_ip,,https://www.the-numbers.com/movie/Inside-Out-2-%282024%29,200000000.0,,,point_value,,652980194.0,1045883622.0,1698863816,,,,2026-08-18,,True,694013974.44,8.494319
PIXAR_2025_ELIO,Elio,Pixar Animation Studios,disney_pixar,DISNEY_PIXAR,Disney,The Walt Disney Company,2025-06-20,2025,co_production,Walt Disney Pictures,theatrical,standard,animated,first_entry,,original_screen_ip,,https://www.the-numbers.com/movie/Elio-%282025%29,150000000.0,,,point_value,,72987454.0,81303728.0,154291182,,,,2026-08-18,,False,75557257.9,1.028608
PIXAR_2026_HOPPERS,Hoppers,Pixar Animation Studios,disney_pixar,DISNEY_PIXAR,Disney,The Walt Disney Company,2026-03-06,2026,co_production,Walt Disney Pictures,theatrical,standard,animated,first_entry,,original_screen_ip,,https://www.the-numbers.com/movie/Hoppers-%282026%29,150000000.0,,,point_value,,166010783.0,223574533.0,389585316,2026 is a partial project year; cumulative box-office totals are retrieval snapshots and may still change for recent releases.,,,2026-08-18,,False,167873429.08,2.597235
PIXAR_2026_TOY_STORY_5,Toy Story 5,Pixar Animation Studios,disney_pixar,DISNEY_PIXAR,Disney,The Walt Disney Company,2026-06-19,2026,co_production,Walt Disney Pictures,theatrical,standard,animated,sequel,Toy Story,existing_screen_ip,,https://www.the-numbers.com/movie/Toy-Story-5-%282026%29,250000000.0,,,point_value,,455396126.0,575207586.0,1030603712,2026 is a partial project year; cumulative box-office totals are retrieval snapshots and may still change for recent releases.,,,2026-08-18,,True,455349761.65,4.122415
WDAS_1998_MULAN,Mulan,Walt Disney Animation Studios,core,CORE_WDAS,Disney,The Walt Disney Company,1998-06-19,1998,sole_production,,theatrical,standard,animated,first_entry,Mulan,adaptation_existing_source,,https://www.the-numbers.com/movie/Mulan-%281998%29,90000000.0,,,point_value,,120620254.0,182879746.0,303500000,,,,2026-08-18,,False,247099840.34,3.372222
WDAS_1999_TARZAN,Tarzan,Walt Disney Animation Studios,core,CORE_WDAS,Disney,The Walt Disney Company,1999-06-18,1999,sole_production,,theatrical,standard,animated,first_entry,,adaptation_existing_source,,https://www.the-numbers.com/movies/production-company/Walt-Disney-Animation-Studios,145000000.0,,,point_value,,171091819.0,,448191819,,,,2026-08-18,,False,343746317.79,3.090978
WDAS_2000_FANTASIA_2000,Fantasia 2000,Walt Disney Animation Studios,core,CORE_WDAS,Disney,The Walt Disney Company,2000-01-01,2000,sole_production,,limited_theatrical,standard,animated,sequel,Fantasia,existing_screen_ip,,https://www.the-numbers.com/movies/production-company/Walt-Disney-Animation-Studios,80000000.0,,,point_value,,60507228.0,,60518248,Release model is limited_theatrical; theatrical grosses are not directly comparable with standard theatrical releases.,,,2026-08-18,,True,119694624.17,0.756478
WDAS_2000_DINOSAUR,Dinosaur,Walt Disney Animation Studios,core,CORE_WDAS,Disney,The Walt Disney Company,2000-05-19,2000,sole_production,,theatrical,standard,animated,first_entry,,original_screen_ip,,https://www.the-numbers.com/movies/production-company/Walt-Disney-Animation-Studios,127500000.0,,,point_value,,137748063.0,,356148063,,,,2026-08-18,,False,268201502.63,2.793318
WDAS_2000_THE_EMPEROR_S_NEW_GROOVE,The Emperor's New Groove,Walt Disney Animation Studios,core,CORE_WDAS,Disney,The Walt Disney Company,2000-12-15,2000,sole_production,,theatrical,standard,animated,first_entry,,original_screen_ip,,https://www.the-numbers.com/movies/production-company/Walt-Disney-Animation-Studios,100000000.0,,,point_value,,89630573.0,,169630573,,,,2026-08-18,,False,172007251.01,1.696306
WDAS_2001_ATLANTIS_THE_LOST_EMPIRE,Atlantis: The Lost Empire,Walt Disney Animation Studios,core,CORE_WDAS,Disney,The Walt Disney Company,2001-06-15,2001,sole_production,,theatrical,standard,animated,first_entry,,original_screen_ip,,https://www.the-numbers.com/movies/production-company/Walt-Disney-Animation-Studios,90000000.0,,,point_value,,84052762.0,,186049020,,,,2026-08-18,,False,157678259.45,2.067211
WDAS_2002_LILO_STITCH,Lilo & Stitch,Walt Disney Animation Studios,core,CORE_WDAS,Disney,The Walt Disney Company,2002-06-21,2002,sole_production,,theatrical,standard,animated,first_entry,Lilo & Stitch,original_screen_ip,,https://www.the-numbers.com/movies/production-company/Walt-Disney-Animation-Studios,80000000.0,,,point_value,,145771527.0,,245799997,,,,2026-08-18,,False,270571077.0,3.0725
WDAS_2002_TREASURE_PLANET,Treasure Planet,Walt Disney Animation Studios,core,CORE_WDAS,Disney,The Walt Disney Company,2002-11-27,2002,sole_production,,theatrical,standard,animated,first_entry,,adaptation_existing_source,,https://www.the-numbers.com/movies/production-company/Walt-Disney-Animation-Studios,100000000.0,,,point_value,,38120554.0,,91800000,,,,2026-08-18,,False,70210364.87,0.918
WDAS_2003_BROTHER_BEAR,Brother Bear,Walt Disney Animation Studios,core,CORE_WDAS,Disney,The Walt Disney Company,2003-11-01,2003,sole_production,,theatrical,standard,animated,first_entry,,original_screen_ip,,https://www.the-numbers.com/movies/production-company/Walt-Disney-Animation-Studios,46000000.0,,,point_value,,85336277.0,,250397798,,,,2026-08-18,,False,154446173.13,5.44343
WDAS_2004_HOME_ON_THE_RANGE,Home on the Range,Walt Disney Animation Studios,core,CORE_WDAS,Disney,The Walt Disney Company,2004-04-02,2004,sole_production,,theatrical,standard,animated,first_entry,,original_screen_ip,,https://www.the-numbers.com/movie/Home-on-the-Range-%282004%29,110000000.0,,,point_value,,50026353.0,26456108.0,76482461,,,,2026-08-18,,False,88854785.86,0.695295
WDAS_2005_CHICKEN_LITTLE,Chicken Little,Walt Disney Animation Studios,core,CORE_WDAS,Disney,The Walt Disney Company,2005-11-04,2005,sole_production,,theatrical,standard,animated,first_entry,,adaptation_existing_source,,https://www.the-numbers.com/movies/production-company/Walt-Disney-Animation-Studios,150000000.0,,,point_value,,135386665.0,,310043823,,,,2026-08-18,,False,228785649.82,2.066959
WDAS_2007_MEET_THE_ROBINSONS,Meet the Robinsons,Walt Disney Animation Studios,core,CORE_WDAS,Disney,The Walt Disney Company,2007-03-30,2007,sole_production,,theatrical,standard,animated,first_entry,,adaptation_existing_source,,https://www.the-numbers.com/movie/Meet-the-Robinsons,,,,missing,The Numbers does not publish a production-budget value; unapproved third-party estimates were not substituted.,97822171.0,72730548.0,170552719,,,,2026-08-18,,False,159066304.18,
WDAS_2008_BOLT,Bolt,Walt Disney Animation Studios,core,CORE_WDAS,Disney,The Walt Disney Company,2008-11-21,2008,sole_production,,theatrical,standard,animated,first_entry,,original_screen_ip,,https://www.the-numbers.com/movies/production-company/Walt-Disney-Animation-Studios,150000000.0,,,point_value,,114053579.0,,328015029,,,,2026-08-18,,False,179284655.73,2.186767
WDAS_2009_THE_PRINCESS_AND_THE_FROG,The Princess and the Frog,Walt Disney Animation Studios,core,CORE_WDAS,Disney,The Walt Disney Company,2009-12-11,2009,sole_production,,theatrical,standard,animated,first_entry,,adaptation_existing_source,,https://www.the-numbers.com/movies/production-company/Walt-Disney-Animation-Studios,105000000.0,,,point_value,,104400899.0,,270997378,,,,2026-08-18,,False,161433205.95,2.580927
WDAS_2010_TANGLED,Tangled,Walt Disney Animation Studios,core,CORE_WDAS,Disney,The Walt Disney Company,2010-11-24,2010,sole_production,,theatrical,standard,animated,first_entry,,adaptation_existing_source,,https://www.the-numbers.com/movies/production-company/Walt-Disney-Animation-Studios,260000000.0,,,point_value,,200821936.0,,581940081,,,,2026-08-18,,False,306476872.92,2.238231
WDAS_2011_WINNIE_THE_POOH,Winnie the Pooh,Walt Disney Animation Studios,core,CORE_WDAS,Disney,The Walt Disney Company,2011-07-15,2011,sole_production,,theatrical,standard,animated,first_entry,Winnie the Pooh,adaptation_existing_source,,https://www.the-numbers.com/movies/production-company/Walt-Disney-Animation-Studios,30000000.0,,,point_value,,26692846.0,,50145607,,,,2026-08-18,,False,39452650.7,1.67152
WDAS_2012_WRECK_IT_RALPH,Wreck-It Ralph,Walt Disney Animation Studios,core,CORE_WDAS,Disney,The Walt Disney Company,2012-11-02,2012,sole_production,,theatrical,standard,animated,first_entry,Wreck-It Ralph,original_screen_ip,,https://www.the-numbers.com/movies/production-company/Walt-Disney-Animation-Studios,165000000.0,,,point_value,,189412677.0,,496511521,,,,2026-08-18,,False,274728640.21,3.009161
WDAS_2013_FROZEN,Frozen,Walt Disney Animation Studios,core,CORE_WDAS,Disney,The Walt Disney Company,2013-11-27,2013,sole_production,,theatrical,standard,animated,first_entry,Frozen,adaptation_existing_source,,https://www.the-numbers.com/movie/Frozen-%282013%29,150000000.0,,,point_value,,400953009.0,868300409.0,1269253418,,,,2026-08-18,,False,574445451.17,8.461689
WDAS_2014_BIG_HERO_6,Big Hero 6,Walt Disney Animation Studios,core,CORE_WDAS,Disney,The Walt Disney Company,2014-11-07,2014,sole_production,,theatrical,standard,animated,first_entry,,adaptation_existing_source,,https://www.the-numbers.com/movies/production-company/Walt-Disney-Animation-Studios,165000000.0,,,point_value,,222527828.0,,646584368,,,,2026-08-18,,False,314654806.76,3.918693
WDAS_2016_ZOOTOPIA,Zootopia,Walt Disney Animation Studios,core,CORE_WDAS,Disney,The Walt Disney Company,2016-03-04,2016,sole_production,,theatrical,standard,animated,first_entry,Zootopia,original_screen_ip,,https://www.the-numbers.com/movies/production-company/Walt-Disney-Animation-Studios,150000000.0,,,point_value,,341268248.0,,1018474875,,,,2026-08-18,,False,478539678.98,6.789833
WDAS_2016_MOANA,Moana,Walt Disney Animation Studios,core,CORE_WDAS,Disney,The Walt Disney Company,2016-11-23,2016,sole_production,,theatrical,standard,animated,first_entry,Moana,original_screen_ip,,https://www.the-numbers.com/movie/Moana-%282016%29,150000000.0,,,point_value,,248757044.0,435600456.0,684357500,,,,2026-08-18,,False,344161682.76,4.562383
WDAS_2018_RALPH_BREAKS_THE_INTERNET,Ralph Breaks the Internet,Walt Disney Animation Studios,core,CORE_WDAS,Disney,The Walt Disney Company,2018-11-21,2018,sole_production,,theatrical,standard,animated,sequel,Wreck-It Ralph,existing_screen_ip,,https://www.the-numbers.com/movies/production-company/Walt-Disney-Animation-Studios,175000000.0,,,point_value,,201091711.0,,529290830,,,,2026-08-18,,True,266420706.22,3.024519
WDAS_2019_FROZEN_2,Frozen 2,Walt Disney Animation Studios,core,CORE_WDAS,Disney,The Walt Disney Company,2019-11-22,2019,sole_production,,theatrical,standard,animated,sequel,Frozen,existing_screen_ip,,https://www.the-numbers.com/movies/production-company/Walt-Disney-Animation-Studios,150000000.0,,,point_value,,477373578.0,,1451653316,,,,2026-08-18,,True,619746004.86,9.677689
WDAS_2021_RAYA_AND_THE_LAST_DRAGON,Raya and the Last Dragon,Walt Disney Animation Studios,core,CORE_WDAS,Disney,The Walt Disney Company,2021-03-05,2021,sole_production,,day_and_date_theatrical_streaming,covid_disrupted,animated,first_entry,,original_screen_ip,,https://www.the-numbers.com/movie/Raya-and-the-Last-Dragon-%282021%29,,,,missing,The Numbers does not publish a production-budget value. The film is a COVID-disrupted day-and-date theatrical/streaming release.,54723032.0,61480896.0,116203928,Commercial figures require caution because release_context=covid_disrupted. Release model is day_and_date_theatrical_streaming; theatrical grosses are not directly comparable with standard theatrical releases.,,,2026-08-18,,False,68986757.62,
WDAS_2021_ENCANTO,Encanto,Walt Disney Animation Studios,core,CORE_WDAS,Disney,The Walt Disney Company,2021-11-24,2021,sole_production,,theatrical,standard,animated,first_entry,,original_screen_ip,,https://www.the-numbers.com/movies/production-company/Walt-Disney-Animation-Studios,150000000.0,,,point_value,,96093622.0,,230815162,,,,2026-08-18,,False,115443860.26,1.538768
WDAS_2022_STRANGE_WORLD,Strange World,Walt Disney Animation Studios,core,CORE_WDAS,Disney,The Walt Disney Company,2022-11-23,2022,sole_production,,theatrical,standard,animated,first_entry,,original_screen_ip,,https://www.the-numbers.com/movies/production-company/Walt-Disney-Animation-Studios,180000000.0,,,point_value,,39089002.0,,74741679,,,,2026-08-18,,False,43842926.09,0.415232
WDAS_2023_WISH,Wish,Walt Disney Animation Studios,core,CORE_WDAS,Disney,The Walt Disney Company,2023-11-22,2023,sole_production,,theatrical,standard,animated,first_entry,,original_screen_ip,,https://www.the-numbers.com/movies/production-company/Walt-Disney-Animation-Studios,200000000.0,,,point_value,,63973821.0,,237954897,,,,2026-08-18,,False,69571538.15,1.189774
WDAS_2024_MOANA_2,Moana 2,Walt Disney Animation Studios,core,CORE_WDAS,Disney,The Walt Disney Company,2024-11-27,2024,sole_production,,theatrical,standard,animated,sequel,Moana,existing_screen_ip,,https://www.the-numbers.com/movie/Moana-2-%282024%29,150000000.0,,,point_value,,460405297.0,598836867.0,1059242164,,,,2026-08-18,,True,487293271.05,7.061614
WDAS_2025_ZOOTOPIA_2,Zootopia 2,Walt Disney Animation Studios,core,CORE_WDAS,Disney,The Walt Disney Company,2025-11-26,2025,sole_production,,theatrical,standard,animated,sequel,Zootopia,existing_screen_ip,,https://www.the-numbers.com/movie/Zootopia-2-%282025%29,150000000.0,,,point_value,,428130160.0,1442179131.0,1870309291,,,,2026-08-18,,True,441069618.13,12.468729
DISNEYREMAKE_2010_ALICE_IN_WONDERLAND,Alice in Wonderland,Walt Disney Pictures,remake_context,DISNEY_REMAKE,Disney,The Walt Disney Company,2010-03-05,2010,co_production,Roth Films; Team Todd,theatrical,standard,live_action,remake_reimagining,Alice in Wonderland,existing_screen_ip,,https://www.the-numbers.com/movies/production-company/Walt-Disney-Pictures,200000000.0,,,point_value,,334191110.0,,1025491110,,,,2026-08-18,,True,512759795.57,5.127456
DISNEYREMAKE_2014_MALEFICENT,Maleficent,Walt Disney Pictures,remake_context,DISNEY_REMAKE,Disney,The Walt Disney Company,2014-05-30,2014,co_production,Roth Films,theatrical,standard,live_action,remake_reimagining,Maleficent,existing_screen_ip,,https://www.the-numbers.com/movies/production-company/Walt-Disney-Pictures,180000000.0,,,point_value,,241407328.0,,758536735,,,,2026-08-18,,True,338840908.58,4.214093
DISNEYREMAKE_2015_CINDERELLA,Cinderella,Walt Disney Pictures,remake_context,DISNEY_REMAKE,Disney,The Walt Disney Company,2015-03-13,2015,co_production,Kinberg Genre; Allison Shearmur Productions; Beagle Pug Films,theatrical,standard,live_action,remake_reimagining,Cinderella,existing_screen_ip,,https://www.the-numbers.com/movies/production-company/Walt-Disney-Pictures,95000000.0,,,point_value,,201151353.0,,542351353,,,,2026-08-18,,True,284466974.24,5.708962
DISNEYREMAKE_2016_THE_JUNGLE_BOOK,The Jungle Book,Walt Disney Pictures,remake_context,DISNEY_REMAKE,Disney,The Walt Disney Company,2016-04-15,2016,co_production,Fairview Entertainment,theatrical,standard,live_action,remake_reimagining,The Jungle Book,existing_screen_ip,,https://www.the-numbers.com/movies/production-company/Walt-Disney-Pictures,175000000.0,,,point_value,,364001123.0,,950697998,,,,2026-08-18,,True,508008104.08,5.43256
DISNEYREMAKE_2017_BEAUTY_AND_THE_BEAST,Beauty and the Beast,Walt Disney Pictures,remake_context,DISNEY_REMAKE,Disney,The Walt Disney Company,2017-03-17,2017,co_production,Mandeville Films,theatrical,standard,live_action,remake_reimagining,Beauty and the Beast,existing_screen_ip,,https://www.the-numbers.com/movies/production-company/Walt-Disney-Pictures,160000000.0,,,point_value,,504014165.0,,1259761686,,,,2026-08-18,,True,690314649.85,7.873511
DISNEYREMAKE_2019_DUMBO,Dumbo,Walt Disney Pictures,remake_context,DISNEY_REMAKE,Disney,The Walt Disney Company,2019-03-29,2019,co_production,Tim Burton Productions; Infinite Detective,theatrical,standard,live_action,remake_reimagining,Dumbo,existing_screen_ip,,https://www.the-numbers.com/movies/production-company/Walt-Disney-Pictures,170000000.0,,,point_value,,114766307.0,,353166307,,,,2026-08-18,,True,150756232.05,2.077449
DISNEYREMAKE_2019_ALADDIN,Aladdin,Walt Disney Pictures,remake_context,DISNEY_REMAKE,Disney,The Walt Disney Company,2019-05-24,2019,co_production,Rideback,theatrical,standard,live_action,remake_reimagining,Aladdin,existing_screen_ip,,https://www.the-numbers.com/movies/production-company/Walt-Disney-Pictures,182000000.0,,,point_value,,355559216.0,,1042126107,,,,2026-08-18,,True,463613163.58,5.725968
DISNEYREMAKE_2019_THE_LION_KING,The Lion King,Walt Disney Pictures,remake_context,DISNEY_REMAKE,Disney,The Walt Disney Company,2019-07-19,2019,co_production,Fairview Entertainment,theatrical,standard,photorealistic,remake_reimagining,The Lion King,existing_screen_ip,,https://www.the-numbers.com/movies/production-company/Walt-Disney-Pictures,260000000.0,,,point_value,,543638043.0,,1661454403,,,,2026-08-18,,True,707525511.62,6.390209
DISNEYREMAKE_2020_MULAN,Mulan,Walt Disney Pictures,remake_context,DISNEY_REMAKE,Disney,The Walt Disney Company,2020-09-04,2020,co_production,Jason T. Reed Productions; Good Fear Content,day_and_date_theatrical_streaming,covid_disrupted,live_action,remake_reimagining,Mulan,existing_screen_ip,,https://www.the-numbers.com/movie/Mulan-%282020%29,200000000.0,,,point_value,,,69973540.0,69973540,The Numbers reports no domestic theatrical box office; the U.S. theatrical release was canceled and the film used a COVID-era Disney+ / international theatrical distribution model. Commercial figures require caution because release_context=covid_disrupted. Release model is day_and_date_theatrical_streaming; theatrical grosses are not directly comparable with standard theatrical releases.,,,2026-08-18,,True,,0.349868
DISNEYREMAKE_2021_CRUELLA,Cruella,Walt Disney Pictures,remake_context,DISNEY_REMAKE,Disney,The Walt Disney Company,2021-05-28,2021,co_production,Gunn Films; Marc Platt Productions,day_and_date_theatrical_streaming,other_exception,live_action,prequel,101 Dalmatians,existing_screen_ip,,https://www.the-numbers.com/movies/production-company/Walt-Disney-Pictures,100000000.0,,,point_value,,86103234.0,,225810063,Commercial figures require caution because release_context=other_exception. Release model is day_and_date_theatrical_streaming; theatrical grosses are not directly comparable with standard theatrical releases.,,,2026-08-18,,True,106805177.25,2.258101
DISNEYREMAKE_2023_THE_LITTLE_MERMAID,The Little Mermaid,Walt Disney Pictures,remake_context,DISNEY_REMAKE,Disney,The Walt Disney Company,2023-05-26,2023,co_production,Lucamar Productions; Marc Platt Productions,theatrical,standard,live_action,remake_reimagining,The Little Mermaid,existing_screen_ip,,https://www.the-numbers.com/movies/production-company/Walt-Disney-Pictures,250000000.0,,,point_value,,298172056.0,,569626289,,,,2026-08-18,,True,327379734.77,2.278505
DISNEYREMAKE_2025_SNOW_WHITE,Snow White,Walt Disney Pictures,remake_context,DISNEY_REMAKE,Disney,The Walt Disney Company,2025-03-21,2025,co_production,Marc Platt Productions,theatrical,standard,live_action,remake_reimagining,Snow White,existing_screen_ip,,https://www.the-numbers.com/movies/production-company/Walt-Disney-Pictures,269400000.0,,,point_value,,87203963.0,,205679463,,,,2026-08-18,,True,91053983.65,0.763472
DISNEYREMAKE_2025_LILO_STITCH,Lilo & Stitch,Walt Disney Pictures,remake_context,DISNEY_REMAKE,Disney,The Walt Disney Company,2025-05-23,2025,co_production,Rideback,theatrical,standard,live_action,remake_reimagining,Lilo & Stitch,existing_screen_ip,,https://www.the-numbers.com/movie/Lilo-and-Stitch-%282025%29,100000000.0,,,point_value,,423778855.0,614248671.0,1038027526,,,,2026-08-18,,True,440195317.39,10.380275
DISNEYREMAKE_2026_MOANA,Moana,Walt Disney Pictures,remake_context,DISNEY_REMAKE,Disney,The Walt Disney Company,2026-07-10,2026,co_production,Seven Bucks Productions; FlynnPictureCo.,theatrical,standard,live_action,remake_reimagining,Moana,existing_screen_ip,,https://www.the-numbers.com/movie/Moana-%282026%29,250000000.0,,,point_value,,109483124.0,126907318.0,236390442,2026 is a partial project year; cumulative box-office totals are retrieval snapshots and may still change for recent releases.,,,2026-08-18,,True,109483124.0,0.945562
